-- phpMyAdmin SQL Dump
-- version 4.7.0
-- https://www.phpmyadmin.net/
--
-- Host: localhost:3306
-- Generation Time: 21-Set-2017 às 13:08
-- Versão do servidor: 5.6.36
-- PHP Version: 5.6.30

SET SQL_MODE = "NO_AUTO_VALUE_ON_ZERO";
SET AUTOCOMMIT = 0;
START TRANSACTION;
SET time_zone = "+00:00";


/*!40101 SET @OLD_CHARACTER_SET_CLIENT=@@CHARACTER_SET_CLIENT */;
/*!40101 SET @OLD_CHARACTER_SET_RESULTS=@@CHARACTER_SET_RESULTS */;
/*!40101 SET @OLD_COLLATION_CONNECTION=@@COLLATION_CONNECTION */;
/*!40101 SET NAMES utf8mb4 */;

--
-- Database: `db_remocao`
--

-- --------------------------------------------------------

--
-- Estrutura da tabela `tb_cargo`
--

CREATE TABLE `tb_cargo` (
  `cod_cargo` int(3) NOT NULL,
  `cargo` varchar(100) NOT NULL,
  `cod_tipo` int(3) NOT NULL
) ENGINE=InnoDB DEFAULT CHARSET=utf8;

--
-- Extraindo dados da tabela `tb_cargo`
--

INSERT INTO `tb_cargo` (`cod_cargo`, `cargo`, `cod_tipo`) VALUES
(1, 'Português', 1),
(2, 'Matemática', 1),
(3, 'História', 1),
(4, 'Geografia', 1),
(5, 'Ciências', 1),
(6, 'Inglês', 1),
(7, 'Informática', 1),
(8, 'Educação Física', 1),
(9, 'Artes', 1),
(10, 'Diretor', 1),
(11, 'PEI', 2),
(12, 'PEF I', 1),
(13, 'Adjunto Educação Infantil', 2),
(14, 'Adjunto I', 1),
(15, 'Adjunto II', 1);

-- --------------------------------------------------------

--
-- Estrutura da tabela `tb_escola`
--

CREATE TABLE `tb_escola` (
  `cod_escola` int(3) NOT NULL,
  `escola` varchar(100) NOT NULL,
  `apelido_escola` varchar(30) NOT NULL,
  `cod_tipo` int(3) NOT NULL
) ENGINE=InnoDB DEFAULT CHARSET=utf8;

--
-- Extraindo dados da tabela `tb_escola`
--

INSERT INTO `tb_escola` (`cod_escola`, `escola`, `apelido_escola`, `cod_tipo`) VALUES
(101, 'EMEIF ANTÔNIO CAVAGLIERI', 'ANTÔNIO CAVAGLIERI - FUND', 1),
(102, 'EMEF BARÃO DE PIRATININGA', 'BARÃO', 1),
(103, 'EMEIF BENEDITO DOS SANTOS ROCHA', 'BENEDITO - FUNDAMENTAL', 1),
(104, 'EMEIF BRUNO FRANCISCO CHIARATO', 'BRUNO - FUNDAMENTAL', 1),
(105, 'EMEF CARMEM LÚCIA BLANCO CARVALHO DE BRITTO', 'CARMEM LÚCIA', 1),
(106, 'EMEF DISTRITO DE SÃO JOÃO NOVO', 'DISTRITO SJN', 1),
(107, 'EMEF EUCLIDES DE OLIVEIRA', 'EUCLIDES DE OLIVEIRA', 1),
(108, 'EMEF IRACEMA VILLAÇA', 'IRACEMA VILLAÇA', 1),
(109, 'EMEIF JOAQUIM SILVEIRA SANTOS', 'JOAQUIM - FUNDAMENTAL', 1),
(110, 'EMEF JOSÉ LUIZ PINTO', 'JOSÉ LUIZ', 1),
(111, 'EMEIF LEÔNIDAS ANTÔNIO DE MORAES', 'LEÔNIDAS - FUNDAMENTAL', 1),
(112, 'EMEF MARIA APARECIDA DE OLIVEIRA RIBEIRO', 'MARIA APARECIDA', 1),
(113, 'EMEF MARIA JOSÉ FERRAZ SCHOENACKER', 'MARIA J. SCHOENACKER', 1),
(114, 'EMEIF PAULINO PEREIRA FIGUEIREDO', 'PAULINO - FUNDAMENTAL', 1),
(115, 'EMEF PAULO RICARDO DA SILVEIRA SANTOS', 'PAULO RICARDO', 1),
(116, 'EMEF RABINDRANATH TAGORE DOS SANTOS PIRES', 'RABINDRANATH TAGORE', 1),
(117, 'EMEF ROQUE VERANI', 'ROQUE VERANI', 1),
(118, 'EMEIF RUTTE RODRIGUES DE CARVALHO', 'RUTTE - FUNDAMENTAL', 1),
(119, 'EMEF SÔNIA MARIA ABREU GHILARDI', 'SÔNIA MARIA', 1),
(120, 'EMEF TETSU CHINONE', 'TETSU', 1),
(121, 'EMEF TIBÉRIO JUSTO DA SILVA', 'TIBÉRIO', 1),
(122, 'CRECHE ABRIGO DO SABOÓ', 'ABRIGO SABOÓ', 2),
(123, 'EMEI ADELINA DE CASTRO BOCCATO', 'ADELINA BOCCATO', 2),
(124, 'CMEI ADELINA MISCHIATTI CAPARELLI', 'ADELINA CAPARELLI', 2),
(125, 'CMEI ALAN KARDEC', 'ALAN KARDEC', 2),
(126, 'EMEI AMASILIA RIBEIRO LOPES', 'AMASILIA RIBEIRO LOPES', 2),
(127, 'EMEI ANTONIETA DE ARAÚJO CUNHA', 'ANTONIETA DE ARAÚJO', 2),
(128, 'EMEIF ANTÔNIO CAVAGLIERI', 'ANT. CAVAGLIERI - INFANTIL', 2),
(129, 'EMEI APARECIDA LEITE DIAS', 'APARECIDA LEITE DIAS', 2),
(130, 'CMEI BENEDITA SILVEIRA BARBOSA DE MORAES', 'BENEDITA SILVEIRA', 2),
(131, 'EMEIF BENEDITO DOS SANTOS ROCHA', 'BENEDITO - INFANTIL', 2),
(132, 'EMEIF BRUNO FRANCISCO CHIARATO', 'BRUNO - INFANTIL', 2),
(133, 'EMEI CAMPININHA', 'CAMPININHA', 2),
(134, 'CRECHE CARLOS ANTÔNIO SALVETTI', 'CARLOS SALVETTI', 2),
(135, 'EMEI DONA RENEE SANTIAGO', 'DONA RENEE', 2),
(136, 'EMEI DONALDO LOPES', 'DONALDO LOPES', 2),
(137, 'CMEI GOIANÂ', 'CMEI GOIANÃ', 2),
(138, 'CMEI GUALBERTO RODRIGUES DE ARAÚJO', 'GUALBERTO - CARMO', 2),
(139, 'CMEI GLÁUCIA REGINA PESTANA RISSO', 'GLÁUCIA PESTANA', 2),
(140, 'CMEI IOLANDA LIMA DE OLIVEIRA', 'IOLANDA', 2),
(141, 'EMEI IVONE TAGLIASSACHI GODINHO', 'IVONE - BANDEIRANTES', 2),
(142, 'EMEIF JOAQUIM SILVEIRA SANTOS', 'JOAQUIM - INFANTIL', 2),
(143, 'EMEIF LEÔNIDAS ANTÔNIO DE MORAES', 'LEÔNIDAS - INFANTIL', 2),
(144, 'EMEI LINEU RAPHAEL JUDICA', 'LINEU - JUNQUEIRA', 2),
(145, 'CMEI MARIA EMÍLIA TOSCHI MACCAGNINI', 'MARIA EMÍLIA', 2),
(146, 'EMEI MÁRIO PINTO DUARTE', 'MÁRIO PINTO', 2),
(147, 'EMEI MARLENE FERREIRA BARBOSA', 'MARLENE BARBOSA', 2),
(148, 'CMEI NIOBE CARLASSARA FERNANDES', 'NIOBE - CAMBARÁ', 2),
(149, 'EMEI NÍSSIA OLIVEIRA BASTOS', 'NÍSSIA BASTOS', 2),
(150, 'EMEI OLGA DE TOLEDO FARIAS', 'OLGA - SJV', 2),
(151, 'EMEIF PAULINO PEREIRA FIGUEIREDO', 'PAULINO - INFANTIL', 2),
(152, 'EMEI ROQUE DE MORAES GÓES', 'ROQUE DE MORAES', 2),
(153, 'EMEI ROSA BASSI', 'ROSA BASSI', 2),
(154, 'CMEI ROSALINA VILLAÇA SALVETTI', 'ROSALINA SALVETTI', 2),
(155, 'CMEI RUTH MONTEBELLO ZAVARIZE', 'RUTH ZAVARIZE', 2),
(156, 'EMEIF RUTTE RODRIGUES DE CARVALHO', 'RUTTE - INFANTIL', 2),
(157, 'CMEI SÃO JOÃO NOVO', 'CMEI SJN', 2),
(158, 'EMEI SÃO JOÃO NOVO', 'EMEI SJN', 2),
(159, 'ADIDO', 'ADIDO', 1);

-- --------------------------------------------------------

--
-- Estrutura da tabela `tb_inscricao`
--

CREATE TABLE `tb_inscricao` (
  `cod_inscricao` int(4) NOT NULL,
  `data_inscricao` date NOT NULL,
  `hora_inscricao` time NOT NULL,
  `cod_usuario` int(4) NOT NULL,
  `indicacao_escola` varchar(1024) DEFAULT NULL
) ENGINE=InnoDB DEFAULT CHARSET=utf8;

--
-- Extraindo dados da tabela `tb_inscricao`
--

INSERT INTO `tb_inscricao` (`cod_inscricao`, `data_inscricao`, `hora_inscricao`, `cod_usuario`, `indicacao_escola`) VALUES
(1, '0000-00-00', '00:00:00', 15, '110;115;125;150;'),
(2, '0000-00-00', '00:00:00', 16, NULL),
(3, '0000-00-00', '00:00:00', 20, '104;105;'),
(4, '0000-00-00', '00:00:00', 100, NULL),
(5, '2017-09-14', '04:09:00', 291, '101;102;103;104;105;'),
(6, '2017-09-19', '08:09:00', 129, NULL);

-- --------------------------------------------------------

--
-- Estrutura da tabela `tb_notificacao`
--

CREATE TABLE `tb_notificacao` (
  `cod_notificacao` int(4) NOT NULL,
  `notificacao` text NOT NULL,
  `titulo` varchar(200) NOT NULL,
  `cod_usuario` int(4) NOT NULL,
  `data_notificacao` date NOT NULL,
  `tipo` int(3) NOT NULL
) ENGINE=InnoDB DEFAULT CHARSET=utf8;

--
-- Extraindo dados da tabela `tb_notificacao`
--

INSERT INTO `tb_notificacao` (`cod_notificacao`, `notificacao`, `titulo`, `cod_usuario`, `data_notificacao`, `tipo`) VALUES
(1, 'Inscrição realizada com sucesso!', 'Status da inscrição', 291, '2017-09-14', 0),
(2, 'O comprovante está disponível para impressão', 'Comprovante de inscrição', 291, '2017-09-14', 0),
(3, 'Inscrição realizada com sucesso!', 'Status da inscrição', 129, '2017-09-19', 0),
(4, 'O comprovante está disponível para impressão', 'Comprovante de inscrição', 129, '2017-09-19', 0),
(5, 'As indicações das Unidades Escolares foi registrado com sucesso', 'Indicações realizadas', 291, '2017-09-19', 5),
(6, '<a href=\'#\' class=\'link_menu\' data-toggle=\'modal\' data-target=\'#modal_consulta_indicacao \'>Consulte as Unidades Escolares indicadas por você&nbsp;&nbsp;&nbsp;<span class=\'glyphicon glyphicon-new-window\'></span></a>', 'Consulta de indicação', 291, '2017-09-19', 5);

-- --------------------------------------------------------

--
-- Estrutura da tabela `tb_recurso`
--

CREATE TABLE `tb_recurso` (
  `cod_recurso` int(3) NOT NULL,
  `recurso` text NOT NULL,
  `cod_tipo_recurso` int(3) NOT NULL,
  `data_recurso` date DEFAULT '0000-00-00',
  `hora_recurso` time DEFAULT '00:00:00',
  `cod_usuario` int(3) NOT NULL,
  `cod_usuario_adm` int(3) NOT NULL,
  `cod_status` int(3) NOT NULL,
  `justificativa` text
) ENGINE=InnoDB DEFAULT CHARSET=utf8;

--
-- Extraindo dados da tabela `tb_recurso`
--

INSERT INTO `tb_recurso` (`cod_recurso`, `recurso`, `cod_tipo_recurso`, `data_recurso`, `hora_recurso`, `cod_usuario`, `cod_usuario_adm`, `cod_status`, `justificativa`) VALUES
(1, 'Minha pontuação está incorreta no site', 1, '0000-00-00', '00:00:00', 10, 10, 5, ''),
(2, 'Minha pontuação está abaixo do que tenho, entreguei novos títulos aqui na escola e hoje deveria ter 190 pontos', 1, '0000-00-00', '00:00:00', 11, 10, 5, 'Minha pontuação está abaixo do que tenho, entreguei novos títulos aqui na escola e hoje deveria ter 190 pontos'),
(3, 'Minha pontuação está acima do que tenho, minha pontuação correta é 103 pontos e está exibindo 130 pontos', 1, '0000-00-00', '00:00:00', 12, 10, 5, 'Minha pontuação está acima do que tenho, minha pontuação correta é 103 pontos e está exibindo 130 pontos\r\n\r\nAgora não sei como fazer...kkkkk'),
(4, 'Meus pontos foram lançados de maneira errada no sistema e estou abaixo dos meus concorrentes', 2, '0000-00-00', '00:00:00', 20, 20, 5, '');

-- --------------------------------------------------------

--
-- Estrutura da tabela `tb_status`
--

CREATE TABLE `tb_status` (
  `cod_status` int(4) NOT NULL,
  `descricao_status` varchar(50) NOT NULL
) ENGINE=InnoDB DEFAULT CHARSET=utf8;

--
-- Extraindo dados da tabela `tb_status`
--

INSERT INTO `tb_status` (`cod_status`, `descricao_status`) VALUES
(1, '0'),
(2, '0'),
(3, 'Deferido'),
(4, 'Indeferido'),
(5, 'Em Análise');

-- --------------------------------------------------------

--
-- Estrutura da tabela `tb_tipo`
--

CREATE TABLE `tb_tipo` (
  `cod_tipo` int(3) NOT NULL,
  `tipo` varchar(20) NOT NULL
) ENGINE=InnoDB DEFAULT CHARSET=utf8;

--
-- Extraindo dados da tabela `tb_tipo`
--

INSERT INTO `tb_tipo` (`cod_tipo`, `tipo`) VALUES
(1, 'Fundamental'),
(2, 'Infantil'),
(3, 'Infantil/Fundamental');

-- --------------------------------------------------------

--
-- Estrutura da tabela `tb_tipo_recurso`
--

CREATE TABLE `tb_tipo_recurso` (
  `cod_tipo_recurso` int(3) NOT NULL,
  `tipo_recurso` varchar(100) NOT NULL
) ENGINE=InnoDB DEFAULT CHARSET=utf8;

--
-- Extraindo dados da tabela `tb_tipo_recurso`
--

INSERT INTO `tb_tipo_recurso` (`cod_tipo_recurso`, `tipo_recurso`) VALUES
(1, 'Classificação'),
(2, 'Resultado Final');

-- --------------------------------------------------------

--
-- Estrutura da tabela `tb_tipo_vaga`
--

CREATE TABLE `tb_tipo_vaga` (
  `cod_tipo_vaga` int(3) NOT NULL,
  `tipo_vaga` varchar(20) NOT NULL
) ENGINE=InnoDB DEFAULT CHARSET=utf8;

--
-- Extraindo dados da tabela `tb_tipo_vaga`
--

INSERT INTO `tb_tipo_vaga` (`cod_tipo_vaga`, `tipo_vaga`) VALUES
(1, 'Iniciais'),
(2, 'Potenciais');

-- --------------------------------------------------------

--
-- Estrutura da tabela `tb_usuario`
--

CREATE TABLE `tb_usuario` (
  `cod_usuario` int(5) NOT NULL,
  `nome_usuario` varchar(100) NOT NULL,
  `cpf` int(11) NOT NULL,
  `matricula` int(20) NOT NULL,
  `senha` varchar(50) NOT NULL,
  `data_nascimento` date NOT NULL,
  `pontuacao` int(5) NOT NULL,
  `cod_cargo` int(3) NOT NULL,
  `cod_escola` int(3) NOT NULL,
  `cod_escola_anterior` int(4) NOT NULL,
  `cod_status` int(3) NOT NULL,
  `email` varchar(100) NOT NULL,
  `telefone` varchar(11) NOT NULL,
  `data_inscricao` date NOT NULL,
  `hora_inscricao` time(6) NOT NULL,
  `cod_inscrito` int(3) DEFAULT '0',
  `cod_indicacao` int(3) DEFAULT NULL
) ENGINE=InnoDB DEFAULT CHARSET=utf8;

--
-- Extraindo dados da tabela `tb_usuario`
--

INSERT INTO `tb_usuario` (`cod_usuario`, `nome_usuario`, `cpf`, `matricula`, `senha`, `data_nascimento`, `pontuacao`, `cod_cargo`, `cod_escola`, `cod_escola_anterior`, `cod_status`, `email`, `telefone`, `data_inscricao`, `hora_inscricao`, `cod_inscrito`, `cod_indicacao`) VALUES
(10, 'ÉRIKA REGINA XAVIER DE AGUIAR', 2147483647, 10, '1234', '1979-01-25', 10, 15, 159, 0, 1, '', '', '0000-00-00', '00:00:00.000000', 1, NULL),
(11, 'ADRIANA REGINA LOTTO', 2147483647, 11, '1234', '1979-01-26', 11, 15, 159, 0, 1, '', '', '0000-00-00', '00:00:00.000000', 0, NULL),
(12, 'JEANE APARECIDA DO PRADO SANI', 2147483647, 12, '1234', '1979-01-27', 12, 15, 159, 0, 1, '', '', '0000-00-00', '00:00:00.000000', 0, NULL),
(13, 'MABEL SCOPARO FERREIRA CHALUPPE', 2147483647, 13, '1234', '1979-01-28', 13, 15, 119, 0, 1, '', '', '0000-00-00', '00:00:00.000000', 0, NULL),
(14, 'PRISCILA KELIN DE OLIVEIRA RADLOCZKY', 2147483647, 14, '1234', '1979-01-29', 14, 15, 118, 0, 1, '', '', '0000-00-00', '00:00:00.000000', 0, NULL),
(15, 'REGINA INES CASTILHO MOULARD', 2147483647, 15, '1234', '1979-02-01', 15, 15, 119, 0, 1, '', '', '0000-00-00', '00:00:00.000000', 0, NULL),
(16, 'ALESSANDRA GRILLO SANTOS', 2147483647, 16, '1234', '1979-01-31', 15, 15, 107, 0, 1, '', '', '0000-00-00', '00:00:00.000000', 0, NULL),
(17, 'ANA LUCIA FERREIRA CHICOLI DE SÁ', 2147483647, 17, '1234', '1979-02-01', 17, 15, 119, 0, 1, '', '', '0000-00-00', '00:00:00.000000', 0, NULL),
(18, 'CLIMERIA LIMA DOS SANTOS SOUSA', 2147483647, 18, '1234', '1979-02-02', 18, 15, 159, 0, 1, '', '', '0000-00-00', '00:00:00.000000', 0, NULL),
(19, 'SIMONE APARECIDA CARVALHO FRANÇA', 2147483647, 19, '1234', '1979-02-03', 19, 15, 121, 0, 1, '', '', '0000-00-00', '00:00:00.000000', 0, NULL),
(20, 'SOLANGE ESTEVES GODINHO', 2147483647, 20, '1234', '1979-02-04', 20, 15, 121, 0, 1, '', '', '0000-00-00', '00:00:00.000000', 0, NULL),
(21, 'VANÉIA MEDINA DA TRINDADE ', 2147483647, 21, '1234', '1979-02-05', 21, 15, 121, 0, 1, '', '', '0000-00-00', '00:00:00.000000', 0, NULL),
(22, 'ADAILSON BRUM PIMENTA', 2147483647, 22, '1234', '1979-02-06', 22, 15, 112, 0, 1, '', '', '0000-00-00', '00:00:00.000000', 0, NULL),
(23, 'BRUNA APARECIDA NUNES MARTINS', 2147483647, 23, '1234', '1979-02-07', 23, 15, 159, 0, 1, '', '', '0000-00-00', '00:00:00.000000', 0, NULL),
(24, 'DANIELLE APARECIDA GODINHO KAAM', 2147483647, 24, '1234', '1979-02-08', 24, 15, 111, 0, 1, '', '', '0000-00-00', '00:00:00.000000', 0, NULL),
(25, 'FABIANA SILVEIRA VIEIRA', 2147483647, 25, '1234', '1979-02-09', 25, 15, 102, 0, 1, '', '', '0000-00-00', '00:00:00.000000', 0, NULL),
(26, 'GIANE VIDAL DOVAL DOS SANTOS', 2147483647, 26, '1234', '1979-02-10', 26, 15, 110, 0, 1, '', '', '0000-00-00', '00:00:00.000000', 0, NULL),
(27, 'KLEBER MESQUITA GOMES', 2147483647, 27, '1234', '1979-02-11', 27, 15, 159, 0, 1, '', '', '0000-00-00', '00:00:00.000000', 0, NULL),
(28, 'LILIAN MESQUITA GOMES', 2147483647, 28, '1234', '1979-02-12', 28, 15, 120, 0, 1, '', '', '0000-00-00', '00:00:00.000000', 0, NULL),
(29, 'PAULO PEREIRA DE ALMEIDA', 2147483647, 29, '1234', '1979-02-13', 29, 15, 120, 0, 1, '', '', '0000-00-00', '00:00:00.000000', 0, NULL),
(30, 'RENAN ERNANDES DA SILVA', 2147483647, 30, '1234', '1979-02-14', 30, 15, 159, 0, 1, '', '', '0000-00-00', '00:00:00.000000', 0, NULL),
(31, 'ÂNGELA DE JESUS ROSA', 2147483647, 31, '1234', '1979-02-15', 31, 15, 159, 0, 1, '', '', '0000-00-00', '00:00:00.000000', 0, NULL),
(32, 'FERNANDA CECCONI', 2147483647, 32, '1234', '1979-02-16', 32, 15, 108, 0, 1, '', '', '0000-00-00', '00:00:00.000000', 0, NULL),
(33, 'JOSÉ AIRTON SANTANA BARBOSA', 2147483647, 33, '1234', '1979-02-17', 33, 15, 105, 0, 1, '', '', '0000-00-00', '00:00:00.000000', 0, NULL),
(34, 'VIVIANI BENEDITA MADUREIRA ARRUDA', 2147483647, 34, '1234', '1979-02-18', 34, 15, 159, 0, 1, '', '', '0000-00-00', '00:00:00.000000', 0, NULL),
(35, 'CRISTIANO RODRIGUES ALVES VALENTE', 2147483647, 35, '1234', '1979-02-19', 35, 15, 159, 0, 1, '', '', '0000-00-00', '00:00:00.000000', 0, NULL),
(36, 'GABRIELA CRISTINA DA ROCHA', 2147483647, 36, '1234', '1979-02-20', 36, 15, 113, 0, 1, '', '', '0000-00-00', '00:00:00.000000', 0, NULL),
(37, 'LEIZA MARIA PEREIRA DIOGO JUSTO', 2147483647, 37, '1234', '1979-02-21', 37, 15, 113, 0, 1, '', '', '0000-00-00', '00:00:00.000000', 0, NULL),
(38, 'SERGIO HENRIQUE MOREIRA', 2147483647, 38, '1234', '1979-02-22', 38, 15, 159, 0, 1, '', '', '0000-00-00', '00:00:00.000000', 0, NULL),
(39, 'KATLIN CERESO COSTA', 2147483647, 39, '1234', '1979-02-23', 39, 15, 159, 0, 1, '', '', '0000-00-00', '00:00:00.000000', 0, NULL),
(40, 'LEANDRO MOURA DOS SANTOS', 2147483647, 40, '1234', '1979-02-24', 40, 15, 159, 0, 1, '', '', '0000-00-00', '00:00:00.000000', 0, NULL),
(41, 'VICENTE MOREIRA DE ATAÍDE', 2147483647, 41, '1234', '1979-02-25', 41, 15, 159, 0, 1, '', '', '0000-00-00', '00:00:00.000000', 0, NULL),
(42, 'CARLA APARECIDA FERREIRA', 2147483647, 42, '1234', '1979-02-26', 42, 15, 159, 0, 1, '', '', '0000-00-00', '00:00:00.000000', 0, NULL),
(43, 'CATIA APARECIDA JUSTO DOS SANTOS', 2147483647, 43, '1234', '1979-02-27', 43, 15, 116, 0, 1, '', '', '0000-00-00', '00:00:00.000000', 0, NULL),
(44, 'CELSO DE OLIVEIRA SIMON', 2147483647, 44, '1234', '1979-02-28', 44, 15, 120, 0, 1, '', '', '0000-00-00', '00:00:00.000000', 0, NULL),
(45, 'CLAUDIOMARA LIMA CHAVES RODRIGUES', 2147483647, 45, '1234', '1979-03-01', 45, 15, 102, 0, 1, '', '', '0000-00-00', '00:00:00.000000', 0, NULL),
(46, 'CRISTIANE TEIXEIRA', 2147483647, 46, '1234', '1979-03-02', 46, 15, 112, 0, 1, '', '', '0000-00-00', '00:00:00.000000', 0, NULL),
(47, 'ELMA FERREIRA DA ROCHA CELEDON ESPINOZA', 2147483647, 47, '1234', '1979-03-03', 47, 15, 119, 0, 1, '', '', '0000-00-00', '00:00:00.000000', 0, NULL),
(48, 'IVÂNIA MOREIRA GUEDES ', 2147483647, 48, '1234', '1979-03-04', 48, 15, 116, 0, 1, '', '', '0000-00-00', '00:00:00.000000', 0, NULL),
(49, 'JANIA AMADO RODRIGUES DELLA DEA', 2147483647, 49, '1234', '1979-03-05', 49, 15, 112, 0, 1, '', '', '0000-00-00', '00:00:00.000000', 0, NULL),
(50, 'LUANA MARIA FERREIRA FERNANDES', 2147483647, 50, '1234', '1979-03-06', 50, 15, 159, 0, 1, '', '', '0000-00-00', '00:00:00.000000', 0, NULL),
(51, 'MARIA CRISTINA RODRIGUES', 2147483647, 51, '1234', '1979-03-07', 51, 15, 159, 0, 1, '', '', '0000-00-00', '00:00:00.000000', 0, NULL),
(52, 'MAURINA LUCIA FERREIRA BARBOSA', 2147483647, 52, '1234', '1979-03-08', 52, 15, 159, 0, 1, '', '', '0000-00-00', '00:00:00.000000', 0, NULL),
(53, 'NEIDE FLORENCIO PINTO RUIVO', 2147483647, 53, '1234', '1979-03-09', 53, 15, 159, 0, 1, '', '', '0000-00-00', '00:00:00.000000', 0, NULL),
(54, 'RAQUEL ARAUJO CORREIA', 2147483647, 54, '1234', '1979-03-10', 54, 15, 102, 0, 1, '', '', '0000-00-00', '00:00:00.000000', 0, NULL),
(55, 'ROSANA ALVES DE JESUS VIANA', 2147483647, 55, '1234', '1979-03-11', 55, 15, 107, 0, 1, '', '', '0000-00-00', '00:00:00.000000', 0, NULL),
(56, 'SANDRA RITA TAGLIASACHI', 2147483647, 56, '1234', '1979-03-12', 56, 15, 108, 0, 1, '', '', '0000-00-00', '00:00:00.000000', 0, NULL),
(57, 'VERA LUCIA APARECIDA PIRES DOMINGUES', 2147483647, 57, '1234', '1979-03-13', 57, 15, 109, 0, 1, '', '', '0000-00-00', '00:00:00.000000', 0, NULL),
(58, 'VERA LUCIA BAHIA DE OLIVEIRA', 2147483647, 58, '1234', '1979-03-14', 58, 15, 109, 0, 1, '', '', '0000-00-00', '00:00:00.000000', 0, NULL),
(59, 'VERA LUCIA GODINHO DIAS', 2147483647, 59, '1234', '1979-03-15', 59, 15, 101, 0, 1, '', '', '0000-00-00', '00:00:00.000000', 0, NULL),
(60, 'VERONICA SPINHA GALAN', 2147483647, 60, '1234', '1979-03-16', 60, 15, 102, 0, 1, '', '', '0000-00-00', '00:00:00.000000', 0, NULL),
(61, 'ALEX SANDRO SENA DA ROCHA', 2147483647, 61, '1234', '1979-03-17', 61, 15, 159, 0, 1, '', '', '0000-00-00', '00:00:00.000000', 0, NULL),
(62, 'LEANDRO SILVIO KATZER REZENDE MACIEL', 2147483647, 62, '1234', '1979-03-18', 62, 15, 105, 0, 1, '', '', '0000-00-00', '00:00:00.000000', 0, NULL),
(63, 'MARCOS ALEXANDRE GALLI', 2147483647, 63, '1234', '1979-03-19', 63, 15, 159, 0, 1, '', '', '0000-00-00', '00:00:00.000000', 0, NULL),
(64, 'ADELINA DOS SANTOS', 2147483647, 64, '1234', '1979-03-20', 64, 14, 105, 0, 1, '', '', '0000-00-00', '00:00:00.000000', 0, NULL),
(65, 'ADRIANA DE CASSIA GARCIA', 2147483647, 65, '1234', '1979-03-21', 65, 14, 159, 0, 1, '', '', '0000-00-00', '00:00:00.000000', 0, NULL),
(66, 'ANA PAULA DE CARLA BUSSADORI', 2147483647, 66, '1234', '1979-03-22', 66, 14, 103, 0, 1, '', '', '0000-00-00', '00:00:00.000000', 0, NULL),
(67, 'ANA PAULA TOLEDO DA SILVA BUZINELLI', 2147483647, 67, '1234', '1979-03-23', 67, 14, 159, 0, 1, '', '', '0000-00-00', '00:00:00.000000', 0, NULL),
(68, 'ANA ROSA FONSECA', 2147483647, 68, '1234', '1979-03-24', 68, 14, 111, 0, 1, '', '', '0000-00-00', '00:00:00.000000', 0, NULL),
(69, 'ANDREA CRISTINA DA CONCEIÇÃO BROSSA', 2147483647, 69, '1234', '1979-03-25', 69, 14, 115, 0, 1, '', '', '0000-00-00', '00:00:00.000000', 0, NULL),
(70, 'ANDREIA VIEIRA DE OLIVEIRA', 2147483647, 70, '1234', '1979-03-26', 70, 14, 120, 0, 1, '', '', '0000-00-00', '00:00:00.000000', 0, NULL),
(71, 'BERNADETE APARECIDA SIMÕES', 2147483647, 71, '1234', '1979-03-27', 71, 14, 120, 0, 1, '', '', '0000-00-00', '00:00:00.000000', 0, NULL),
(72, 'CAROLINA RODRIGUES PEREZ ABRÃO', 2147483647, 72, '1234', '1979-03-28', 72, 14, 120, 0, 1, '', '', '0000-00-00', '00:00:00.000000', 0, NULL),
(73, 'CELMARA DE ALCÂNTARA OLIVEIRA', 2147483647, 73, '1234', '1979-03-29', 73, 14, 117, 0, 1, '', '', '0000-00-00', '00:00:00.000000', 0, NULL),
(74, 'CILENE CRISTINA BOZOKY', 2147483647, 74, '1234', '1979-03-30', 74, 14, 112, 0, 1, '', '', '0000-00-00', '00:00:00.000000', 0, NULL),
(75, 'CLARA LUIZA DE OLIVEIRA SANTOS', 2147483647, 75, '1234', '1979-03-31', 75, 14, 159, 0, 1, '', '', '0000-00-00', '00:00:00.000000', 0, NULL),
(76, 'DARLENE APARECIDA DE CAMARGO', 2147483647, 76, '1234', '1979-04-01', 76, 14, 159, 0, 1, '', '', '0000-00-00', '00:00:00.000000', 0, NULL),
(77, 'DEBORA CRISTINA DO PRADO RODRIGUES ', 2147483647, 77, '1234', '1979-04-02', 77, 14, 120, 0, 1, '', '', '0000-00-00', '00:00:00.000000', 0, NULL),
(78, 'DIANA CRISTINA DE MENEZES SOUZA SILVA', 2147483647, 78, '1234', '1979-04-03', 78, 14, 113, 0, 1, '', '', '0000-00-00', '00:00:00.000000', 0, NULL),
(79, 'ELENILDA FORTUNATO DOS SANTOS', 2147483647, 79, '1234', '1979-04-04', 79, 14, 159, 0, 1, '', '', '0000-00-00', '00:00:00.000000', 0, NULL),
(80, 'ELISABETE DE SOUZA RODRIGUES', 2147483647, 80, '1234', '1979-04-05', 80, 14, 159, 0, 1, '', '', '0000-00-00', '00:00:00.000000', 0, NULL),
(81, 'ELISANGELA CRISTINA ROQUE', 2147483647, 81, '1234', '1979-04-06', 81, 14, 106, 0, 1, '', '', '0000-00-00', '00:00:00.000000', 0, NULL),
(82, 'ELISÂNGELA MODESTO RODRIGUES DE OLIVEIRA', 2147483647, 82, '1234', '1979-04-07', 82, 14, 108, 0, 1, '', '', '0000-00-00', '00:00:00.000000', 0, NULL),
(83, 'ERIKA APARECIDA BONELLA ARAUJO', 2147483647, 83, '1234', '1979-04-08', 83, 14, 159, 0, 1, '', '', '0000-00-00', '00:00:00.000000', 0, NULL),
(84, 'FABIA REGINA DA CUNHA CELESTINO DE ARAUJO', 2147483647, 84, '1234', '1979-04-09', 84, 14, 116, 0, 1, '', '', '0000-00-00', '00:00:00.000000', 0, NULL),
(85, 'FABIANA APARECIDA DOS SANTOS ROCHA', 2147483647, 85, '1234', '1979-04-10', 85, 14, 159, 0, 1, '', '', '0000-00-00', '00:00:00.000000', 0, NULL),
(86, 'FERNANDA ALVES BITENCOURT', 2147483647, 86, '1234', '1979-04-11', 86, 14, 120, 0, 1, '', '', '0000-00-00', '00:00:00.000000', 0, NULL),
(87, 'GILSÉIA GARCIA VIEIRA CARDOSO', 2147483647, 87, '1234', '1979-04-12', 87, 14, 159, 0, 1, '', '', '0000-00-00', '00:00:00.000000', 0, NULL),
(88, 'HORTÊNCIA GOUVEIA DE ALMEIDA', 2147483647, 88, '1234', '1979-04-13', 88, 14, 159, 0, 1, '', '', '0000-00-00', '00:00:00.000000', 0, NULL),
(89, 'INES GONÇALVES DIAS SILVA', 2147483647, 89, '1234', '1979-04-14', 89, 14, 110, 0, 1, '', '', '0000-00-00', '00:00:00.000000', 0, NULL),
(90, 'JULIANA DA SILVA', 2147483647, 90, '1234', '1979-04-15', 90, 14, 121, 0, 1, '', '', '0000-00-00', '00:00:00.000000', 0, NULL),
(91, 'JULIANA MARQUES DE OLIVEIRA', 2147483647, 91, '1234', '1979-04-16', 91, 14, 121, 0, 1, '', '', '0000-00-00', '00:00:00.000000', 0, NULL),
(92, 'LUCIA APARECIDA FERREIRA', 2147483647, 92, '1234', '1979-04-17', 92, 14, 101, 0, 1, '', '', '0000-00-00', '00:00:00.000000', 0, NULL),
(93, 'LUCIA TENORIO DIAS', 2147483647, 93, '1234', '1979-04-18', 93, 14, 159, 0, 1, '', '', '0000-00-00', '00:00:00.000000', 0, NULL),
(94, 'LUCIANA CRISTINA DE GÓES MOROTTI', 2147483647, 94, '1234', '1979-04-19', 94, 14, 159, 0, 1, '', '', '0000-00-00', '00:00:00.000000', 0, NULL),
(95, 'LUCIANA GODINHO', 2147483647, 95, '1234', '1979-04-20', 95, 14, 121, 0, 1, '', '', '0000-00-00', '00:00:00.000000', 0, NULL),
(96, 'LUCIANA REGINA DO ESPIRITO SANTO KARAS', 2147483647, 96, '1234', '1979-04-21', 96, 14, 118, 0, 1, '', '', '0000-00-00', '00:00:00.000000', 0, NULL),
(97, 'LUCIANE DA COSTA BARBOSA ', 2147483647, 97, '1234', '1979-04-22', 97, 14, 159, 0, 1, '', '', '0000-00-00', '00:00:00.000000', 0, NULL),
(98, 'LUDMILA DE JESUS CAMARGO DA SILVA', 2147483647, 98, '1234', '1979-04-23', 98, 14, 159, 0, 1, '', '', '0000-00-00', '00:00:00.000000', 0, NULL),
(99, 'LUZINETE ARMINDA DOS SANTOS', 2147483647, 99, '1234', '1979-04-24', 99, 14, 106, 0, 1, '', '', '0000-00-00', '00:00:00.000000', 0, NULL),
(100, 'MARCIA SILVA', 2147483647, 100, '1234', '1979-04-25', 100, 14, 112, 0, 1, '', '', '0000-00-00', '00:00:00.000000', 0, NULL),
(101, 'MARIA APARECIDA DA SILVA LIMA', 2147483647, 101, '1234', '1979-04-26', 101, 14, 115, 0, 1, '', '', '0000-00-00', '00:00:00.000000', 0, NULL),
(102, 'MARIA AUXILIADORA CASTRO SOUZA', 2147483647, 102, '1234', '1979-04-27', 102, 14, 117, 0, 1, '', '', '0000-00-00', '00:00:00.000000', 0, NULL),
(103, 'MARIA DE LOURDES DA SILVA FLORENTINO', 2147483647, 103, '1234', '1979-04-28', 103, 14, 103, 0, 1, '', '', '0000-00-00', '00:00:00.000000', 0, NULL),
(104, 'MARIA DIVINA ANTONIO DA CRUZ ', 2147483647, 104, '1234', '1979-04-29', 104, 14, 107, 0, 1, '', '', '0000-00-00', '00:00:00.000000', 0, NULL),
(105, 'MARLI ALVES DOS SANTOS', 2147483647, 105, '1234', '1979-04-30', 105, 14, 107, 0, 1, '', '', '0000-00-00', '00:00:00.000000', 0, NULL),
(106, 'MARLI AMALIA DA SILVA MELO SALVADEGO', 2147483647, 106, '1234', '1979-05-01', 106, 14, 159, 0, 1, '', '', '0000-00-00', '00:00:00.000000', 0, NULL),
(107, 'NEUMA MARIA PAULINO DE LIMA', 2147483647, 107, '1234', '1979-05-02', 107, 14, 113, 0, 1, '', '', '0000-00-00', '00:00:00.000000', 0, NULL),
(108, 'NILDA PEREIRA LOPES', 2147483647, 108, '1234', '1979-05-03', 108, 14, 109, 0, 1, '', '', '0000-00-00', '00:00:00.000000', 0, NULL),
(109, 'PATRICIA DE FATIMA PEREIRA', 2147483647, 109, '1234', '1979-05-04', 109, 14, 111, 0, 1, '', '', '0000-00-00', '00:00:00.000000', 0, NULL),
(110, 'PATRICIA DE MORAES CONCEICAO GONCALVES', 2147483647, 110, '1234', '1979-05-05', 110, 14, 159, 0, 1, '', '', '0000-00-00', '00:00:00.000000', 0, NULL),
(111, 'RENATO DA SILVA FERREIRA', 2147483647, 111, '1234', '1979-05-06', 111, 14, 112, 0, 1, '', '', '0000-00-00', '00:00:00.000000', 0, NULL),
(112, 'ROBERTA DIAS BEDRAN', 2147483647, 112, '1234', '1979-05-07', 112, 14, 106, 0, 1, '', '', '0000-00-00', '00:00:00.000000', 0, NULL),
(113, 'ROSANA TEIXEIRA DE CARVALHO', 2147483647, 113, '1234', '1979-05-08', 113, 14, 115, 0, 1, '', '', '0000-00-00', '00:00:00.000000', 0, NULL),
(114, 'ROSEMEIRE VIEIRA COBELLO', 2147483647, 114, '1234', '1979-05-09', 114, 14, 115, 0, 1, '', '', '0000-00-00', '00:00:00.000000', 0, NULL),
(115, 'SANDRA REGINA CONSTANTINO ZUCCARI', 2147483647, 115, '1234', '1979-05-10', 115, 14, 121, 0, 1, '', '', '0000-00-00', '00:00:00.000000', 0, NULL),
(116, 'SIMONE APARECIDA DA SILVA CRUZ', 2147483647, 116, '1234', '1979-05-11', 116, 14, 121, 0, 1, '', '', '0000-00-00', '00:00:00.000000', 0, NULL),
(117, 'SIMONE SOARES DE OLIVEIRA', 2147483647, 117, '1234', '1979-05-12', 117, 14, 108, 0, 1, '', '', '0000-00-00', '00:00:00.000000', 0, NULL),
(118, 'SOLANGE DA PENHA MORAES GODINHO', 2147483647, 118, '1234', '1979-05-13', 118, 14, 159, 0, 1, '', '', '0000-00-00', '00:00:00.000000', 0, NULL),
(119, 'SONIA REGINA DA ROCHA', 2147483647, 119, '1234', '1979-05-14', 119, 14, 159, 0, 1, '', '', '0000-00-00', '00:00:00.000000', 0, NULL),
(120, 'STEPHANIE SOUSA DA SIVA', 2147483647, 120, '1234', '1979-05-15', 120, 14, 159, 0, 1, '', '', '0000-00-00', '00:00:00.000000', 0, NULL),
(121, 'TAIS DE JESUS PIRES DA SILVA', 2147483647, 121, '1234', '1979-05-16', 121, 14, 159, 0, 1, '', '', '0000-00-00', '00:00:00.000000', 0, NULL),
(122, 'TANIA CRISTINA DOS SANTOS', 2147483647, 122, '1234', '1979-05-17', 122, 14, 159, 0, 1, '', '', '0000-00-00', '00:00:00.000000', 0, NULL),
(123, 'TATIANE DE OLIVEIRA ASSIS', 2147483647, 123, '1234', '1979-05-18', 123, 14, 105, 0, 1, '', '', '0000-00-00', '00:00:00.000000', 0, NULL),
(124, 'VALÉRIA DO CARMO MENDES ALVES', 2147483647, 124, '1234', '1979-05-19', 124, 14, 116, 0, 1, '', '', '0000-00-00', '00:00:00.000000', 0, NULL),
(125, 'VIRGÍNIA FERNANDES PUERTA', 2147483647, 125, '1234', '1979-05-20', 125, 14, 159, 0, 1, '', '', '0000-00-00', '00:00:00.000000', 0, NULL),
(126, 'VIVIAN MIDORI IMADA DE MORAES', 2147483647, 126, '1234', '1979-05-21', 126, 14, 121, 0, 1, '', '', '0000-00-00', '00:00:00.000000', 0, NULL),
(127, 'VIVIANE CRISTINA PEREIRA DE CAMARGO', 2147483647, 127, '1234', '1979-05-22', 127, 14, 109, 0, 1, '', '', '0000-00-00', '00:00:00.000000', 0, NULL),
(128, 'ZILDA APARECIDA RODRIGUES RUIVO', 2147483647, 128, '1234', '1979-05-23', 128, 14, 159, 0, 1, '', '', '0000-00-00', '00:00:00.000000', 0, NULL),
(129, 'AMANDA SOBRAL MENDES', 2147483647, 129, '1234', '1979-05-24', 129, 9, 108, 0, 1, '', '', '0000-00-00', '00:00:00.000000', 2, NULL),
(130, 'EDVALDO DE OLIVEIRA SANTOS', 2147483647, 130, '1234', '1979-05-25', 130, 9, 109, 0, 1, '', '', '0000-00-00', '00:00:00.000000', 0, NULL),
(131, 'ELIANE DIAS DE OLIVEIRA', 2147483647, 131, '1234', '1979-05-26', 131, 9, 119, 0, 1, '', '', '0000-00-00', '00:00:00.000000', 0, NULL),
(132, 'FERNANDA PENTEADO RULLI SILVEIRA', 2147483647, 132, '1234', '1979-05-27', 132, 9, 112, 0, 1, '', '', '0000-00-00', '00:00:00.000000', 0, NULL),
(133, 'JANDYR ALIRIO SOARES', 2147483647, 133, '1234', '1979-05-28', 133, 9, 105, 0, 1, '', '', '0000-00-00', '00:00:00.000000', 0, NULL),
(134, 'MARCO AURELIO LESSA PALACIO (MARIANA LESSA)', 2147483647, 134, '1234', '1979-05-29', 134, 9, 116, 0, 1, '', '', '0000-00-00', '00:00:00.000000', 0, NULL),
(135, 'MARIA YOSHICO SAKAHARA HANAZUMI', 2147483647, 135, '1234', '1979-05-30', 135, 9, 102, 0, 1, '', '', '0000-00-00', '00:00:00.000000', 0, NULL),
(136, 'NEUZA MARIA GARCIA', 2147483647, 136, '1234', '1979-05-31', 136, 9, 113, 0, 1, '', '', '0000-00-00', '00:00:00.000000', 0, NULL),
(137, 'REGINA RODRIGUES DE FIGUEIREDO', 2147483647, 137, '1234', '1979-06-01', 137, 9, 120, 0, 1, '', '', '0000-00-00', '00:00:00.000000', 0, NULL),
(138, 'RENATA DE OLIVEIRA ASSENCIO DUTRA', 2147483647, 138, '1234', '1979-06-02', 138, 9, 121, 0, 1, '', '', '0000-00-00', '00:00:00.000000', 0, NULL),
(139, 'ROSEMEIRE VIEIRA DE GOES', 2147483647, 139, '1234', '1979-06-03', 139, 9, 107, 0, 1, '', '', '0000-00-00', '00:00:00.000000', 0, NULL),
(140, 'ROSIANI SOARES MAZZARO', 2147483647, 140, '1234', '1979-06-04', 140, 9, 101, 0, 1, '', '', '0000-00-00', '00:00:00.000000', 0, NULL),
(141, 'SORAIA REGINA LOURENÇON', 2147483647, 141, '1234', '1979-06-05', 141, 9, 159, 0, 1, '', '', '0000-00-00', '00:00:00.000000', 0, NULL),
(142, 'THAÍS HELENA DE TOLEDO', 2147483647, 142, '1234', '1979-06-06', 142, 9, 119, 0, 1, '', '', '0000-00-00', '00:00:00.000000', 0, NULL),
(143, 'ADROALDO ANTONIO ALVES', 2147483647, 143, '1234', '1979-06-07', 143, 5, 119, 0, 1, '', '', '0000-00-00', '00:00:00.000000', 0, NULL),
(144, 'ALINE APARECIDA EUSEBIO', 2147483647, 144, '1234', '1979-06-08', 144, 5, 108, 0, 1, '', '', '0000-00-00', '00:00:00.000000', 0, NULL),
(145, 'AMABILE COBELLO PANNELLINI', 2147483647, 145, '1234', '1979-06-09', 145, 5, 121, 0, 1, '', '', '0000-00-00', '00:00:00.000000', 0, NULL),
(146, 'AMAURI RAMOS CARDOSO', 2147483647, 146, '1234', '1979-06-10', 146, 5, 107, 0, 1, '', '', '0000-00-00', '00:00:00.000000', 0, NULL),
(147, 'ANDREA APARECIDA DA SILVA SAEKI', 2147483647, 147, '1234', '1979-06-11', 147, 5, 119, 0, 1, '', '', '0000-00-00', '00:00:00.000000', 0, NULL),
(148, 'ANDRÉA CHRISPIM LOPES FREIRE', 2147483647, 148, '1234', '1979-06-12', 148, 5, 112, 0, 1, '', '', '0000-00-00', '00:00:00.000000', 0, NULL),
(149, 'CARLA GISELE DA SILVA BRUNO', 2147483647, 149, '1234', '1979-06-13', 149, 5, 113, 0, 1, '', '', '0000-00-00', '00:00:00.000000', 0, NULL),
(150, 'FLAVIO LACERDA DO NASCIMENTO', 2147483647, 150, '1234', '1979-06-14', 150, 5, 110, 0, 1, '', '', '0000-00-00', '00:00:00.000000', 0, NULL),
(151, 'JACKSON DIAS NUNES', 2147483647, 151, '1234', '1979-06-15', 151, 5, 102, 0, 1, '', '', '0000-00-00', '00:00:00.000000', 0, NULL),
(152, 'LUCIANA CLAUDIA RIBEIRO', 2147483647, 152, '1234', '1979-06-16', 152, 5, 111, 0, 1, '', '', '0000-00-00', '00:00:00.000000', 0, NULL),
(153, 'MARIA LUCIA DZIN PEDROSO', 2147483647, 153, '1234', '1979-06-17', 153, 5, 120, 0, 1, '', '', '0000-00-00', '00:00:00.000000', 0, NULL),
(154, 'MARISA VITALE DA SILVA', 2147483647, 154, '1234', '1979-06-18', 154, 5, 116, 0, 1, '', '', '0000-00-00', '00:00:00.000000', 0, NULL),
(155, 'MAURICIO APARECIDO DE OLIVEIRA', 2147483647, 155, '1234', '1979-06-19', 155, 5, 109, 0, 1, '', '', '0000-00-00', '00:00:00.000000', 0, NULL),
(156, 'RENATO SANTINELLI ROCHA', 2147483647, 156, '1234', '1979-06-20', 156, 5, 102, 0, 1, '', '', '0000-00-00', '00:00:00.000000', 0, NULL),
(157, 'RODOLFO SCOPARO FERREIRA ', 2147483647, 157, '1234', '1979-06-21', 157, 5, 159, 0, 1, '', '', '0000-00-00', '00:00:00.000000', 0, NULL),
(158, 'SERGIO AUGUSTO SETTER', 2147483647, 158, '1234', '1979-06-22', 158, 5, 102, 0, 1, '', '', '0000-00-00', '00:00:00.000000', 0, NULL),
(159, 'TEODORO GABRIEL VIEIRA NETO', 2147483647, 159, '1234', '1979-06-23', 159, 5, 101, 0, 1, '', '', '0000-00-00', '00:00:00.000000', 0, NULL),
(160, 'VERA LUCIA DUARTE', 2147483647, 160, '1234', '1979-06-24', 160, 5, 105, 0, 1, '', '', '0000-00-00', '00:00:00.000000', 0, NULL),
(161, 'ADRIANA BONINI DOS SANTOS', 2147483647, 161, '1234', '1979-06-25', 161, 8, 141, 0, 1, '', '', '0000-00-00', '00:00:00.000000', 0, NULL),
(162, 'ALEXANDRE RODRIGUES DE ALMEIDA', 2147483647, 162, '1234', '1979-06-26', 162, 8, 110, 0, 1, '', '', '0000-00-00', '00:00:00.000000', 0, NULL),
(163, 'ALINE MICHELE FERNANDES GARCIA', 2147483647, 163, '1234', '1979-06-27', 163, 8, 113, 0, 1, '', '', '0000-00-00', '00:00:00.000000', 0, NULL),
(164, 'ARIOVALDO SILVESTRE PEDRO', 2147483647, 164, '1234', '1979-06-28', 164, 8, 121, 0, 1, '', '', '0000-00-00', '00:00:00.000000', 0, NULL),
(165, 'ARISLÉIA DE NAZARÉ SANTOS', 2147483647, 165, '1234', '1979-06-29', 165, 8, 113, 0, 1, '', '', '0000-00-00', '00:00:00.000000', 0, NULL),
(166, 'BRAZ CASTILHO FOGAÇA', 2147483647, 166, '1234', '1979-06-30', 166, 8, 111, 0, 1, '', '', '0000-00-00', '00:00:00.000000', 0, NULL),
(167, 'CARLOS AUGUSTO VIEIRA', 2147483647, 167, '1234', '1979-07-01', 167, 8, 120, 0, 1, '', '', '0000-00-00', '00:00:00.000000', 0, NULL),
(168, 'CECILIA DE OLIVEIRA PRESTES TRUJILO', 2147483647, 168, '1234', '1979-07-02', 168, 8, 108, 0, 1, '', '', '0000-00-00', '00:00:00.000000', 0, NULL),
(169, 'CELSO CELESTINO', 2147483647, 169, '1234', '1979-07-03', 169, 8, 120, 0, 1, '', '', '0000-00-00', '00:00:00.000000', 0, NULL),
(170, 'CESAR GAMA DA CONCEIÇÃO', 2147483647, 170, '1234', '1979-07-04', 170, 8, 103, 0, 1, '', '', '0000-00-00', '00:00:00.000000', 0, NULL),
(171, 'CILENE GISELE SILVA', 2147483647, 171, '1234', '1979-07-05', 171, 8, 102, 0, 1, '', '', '0000-00-00', '00:00:00.000000', 0, NULL),
(172, 'CLAUDIA REGINA MARTINS LELLIS', 2147483647, 172, '1234', '1979-07-06', 172, 8, 121, 0, 1, '', '', '0000-00-00', '00:00:00.000000', 0, NULL),
(173, 'CRISTIANE STEFANI SANTANGELO ', 2147483647, 173, '1234', '1979-07-07', 173, 8, 140, 0, 1, '', '', '0000-00-00', '00:00:00.000000', 0, NULL),
(174, 'DANIELA NUNES DE MORAES', 2147483647, 174, '1234', '1979-07-08', 174, 8, 116, 0, 1, '', '', '0000-00-00', '00:00:00.000000', 0, NULL),
(175, 'DANIELE RODRIGUES DE CAMARGO', 2147483647, 175, '1234', '1979-07-09', 175, 8, 107, 0, 1, '', '', '0000-00-00', '00:00:00.000000', 0, NULL),
(176, 'DIEGO DOUGLAS DA CRUZ PEREIRA', 2147483647, 176, '1234', '1979-07-10', 176, 8, 116, 0, 1, '', '', '0000-00-00', '00:00:00.000000', 0, NULL),
(177, 'EDMILTON APARECIDO DE SOUZA', 2147483647, 177, '1234', '1979-07-11', 177, 8, 129, 0, 1, '', '', '0000-00-00', '00:00:00.000000', 0, NULL),
(178, 'FABIANA SILVEIRA VIEIRA', 2147483647, 178, '1234', '1979-07-12', 178, 8, 112, 0, 1, '', '', '0000-00-00', '00:00:00.000000', 0, NULL),
(179, 'FAUSTO TADEU DE MATOS NUNES', 2147483647, 179, '1234', '1979-07-13', 179, 8, 104, 0, 1, '', '', '0000-00-00', '00:00:00.000000', 0, NULL),
(180, 'GEANE DA CONCEICAO', 2147483647, 180, '1234', '1979-07-14', 180, 8, 119, 0, 1, '', '', '0000-00-00', '00:00:00.000000', 0, NULL),
(181, 'HELENA MARIA ALVES SOARES', 2147483647, 181, '1234', '1979-07-15', 181, 8, 112, 0, 1, '', '', '0000-00-00', '00:00:00.000000', 0, NULL),
(182, 'HELENAYNA DOS SANTOS VIRGILATO', 2147483647, 182, '1234', '1979-07-16', 182, 8, 109, 0, 1, '', '', '0000-00-00', '00:00:00.000000', 0, NULL),
(183, 'HUDSON SAMPAIO D\'OLIVEIRA', 2147483647, 183, '1234', '1979-07-17', 183, 8, 101, 0, 1, '', '', '0000-00-00', '00:00:00.000000', 0, NULL),
(184, 'JAILTON NUNES DE ALMEIDA', 2147483647, 184, '1234', '1979-07-18', 184, 8, 115, 0, 1, '', '', '0000-00-00', '00:00:00.000000', 0, NULL),
(185, 'JANETE SILVA AMANCIO  ', 2147483647, 185, '1234', '1979-07-19', 185, 8, 109, 0, 1, '', '', '0000-00-00', '00:00:00.000000', 0, NULL),
(186, 'JESSICA MARINA DIAS ANSELMO', 2147483647, 186, '1234', '1979-07-20', 186, 8, 120, 0, 1, '', '', '0000-00-00', '00:00:00.000000', 0, NULL),
(187, 'JOÃO PAULO JANUÁRIO', 2147483647, 187, '1234', '1979-07-21', 187, 8, 116, 0, 1, '', '', '0000-00-00', '00:00:00.000000', 0, NULL),
(188, 'JOSÉ AFONSO GODOI DE AMORIM', 2147483647, 188, '1234', '1979-07-22', 188, 8, 112, 0, 1, '', '', '0000-00-00', '00:00:00.000000', 0, NULL),
(189, 'JULIANA RODRIGUES FERNANDES', 2147483647, 189, '1234', '1979-07-23', 189, 8, 121, 0, 1, '', '', '0000-00-00', '00:00:00.000000', 0, NULL),
(190, 'LELIO JOSE COSTA', 2147483647, 190, '1234', '1979-07-24', 190, 8, 101, 0, 1, '', '', '0000-00-00', '00:00:00.000000', 0, NULL),
(191, 'LEODIR FRANCISCO RIBEIRO', 2147483647, 191, '1234', '1979-07-25', 191, 8, 107, 0, 1, '', '', '0000-00-00', '00:00:00.000000', 0, NULL),
(192, 'LUCIANA APARECIDA HUHN', 2147483647, 192, '1234', '1979-07-26', 192, 8, 109, 0, 1, '', '', '0000-00-00', '00:00:00.000000', 0, NULL),
(193, 'LUIZ GUSTAVO CARRASCO DE MARCO', 2147483647, 193, '1234', '1979-07-27', 193, 8, 117, 0, 1, '', '', '0000-00-00', '00:00:00.000000', 0, NULL),
(194, 'MARCELO BALBINO RODRIGUES', 2147483647, 194, '1234', '1979-07-28', 194, 8, 101, 0, 1, '', '', '0000-00-00', '00:00:00.000000', 0, NULL),
(195, 'MARCOS ROBERTO NOGGERINI', 2147483647, 195, '1234', '1979-07-29', 195, 8, 102, 0, 1, '', '', '0000-00-00', '00:00:00.000000', 0, NULL),
(196, 'MARIA DE LOURDES CARLINI SILVEIRA', 2147483647, 196, '1234', '1979-07-30', 196, 8, 105, 0, 1, '', '', '0000-00-00', '00:00:00.000000', 0, NULL),
(197, 'MARLUCI IZAURA PEREIRA', 2147483647, 197, '1234', '1979-07-31', 197, 8, 159, 0, 1, '', '', '0000-00-00', '00:00:00.000000', 0, NULL),
(198, 'MILENA ALLIEN M. DE SOUZA', 2147483647, 198, '1234', '1979-08-01', 198, 8, 155, 0, 1, '', '', '0000-00-00', '00:00:00.000000', 0, NULL),
(199, 'OSVALDO DIAS DE SOUSA', 2147483647, 199, '1234', '1979-08-02', 199, 8, 114, 0, 1, '', '', '0000-00-00', '00:00:00.000000', 0, NULL),
(200, 'PETERSON MIRANDA DA COSTA', 2147483647, 200, '1234', '1979-08-03', 200, 8, 117, 0, 1, '', '', '0000-00-00', '00:00:00.000000', 0, NULL),
(201, 'PRISCILA APARECIDA DIAS PINTO SILVESTRE', 2147483647, 201, '1234', '1979-08-04', 201, 8, 117, 0, 1, '', '', '0000-00-00', '00:00:00.000000', 0, NULL),
(202, 'PRISCILA MARIA DE SOUZA PAULA MARINHO ', 2147483647, 202, '1234', '1979-08-05', 202, 8, 105, 0, 1, '', '', '0000-00-00', '00:00:00.000000', 0, NULL),
(203, 'RAFAEL LUCAS BARROS DE FREITAS', 2147483647, 203, '1234', '1979-08-06', 203, 8, 120, 0, 1, '', '', '0000-00-00', '00:00:00.000000', 0, NULL),
(204, 'REJANE APARECIDA VICENTE DA SILVA ALMEIDA', 2147483647, 204, '1234', '1979-08-07', 204, 8, 112, 0, 1, '', '', '0000-00-00', '00:00:00.000000', 0, NULL),
(205, 'RENATA FRATI RODRIGUES ALVES', 2147483647, 205, '1234', '1979-08-08', 205, 8, 106, 0, 1, '', '', '0000-00-00', '00:00:00.000000', 0, NULL),
(206, 'RENATO MENDES DA SILVA', 2147483647, 206, '1234', '1979-08-09', 206, 8, 119, 0, 1, '', '', '0000-00-00', '00:00:00.000000', 0, NULL),
(207, 'RENATO TIBURCIO', 2147483647, 207, '1234', '1979-08-10', 207, 8, 113, 0, 1, '', '', '0000-00-00', '00:00:00.000000', 0, NULL),
(208, 'RICARDO ALEXANDRE BARBOSA', 2147483647, 208, '1234', '1979-08-11', 208, 8, 120, 0, 1, '', '', '0000-00-00', '00:00:00.000000', 0, NULL),
(209, 'ROBERTA MONIQUE MITSUMOTO', 2147483647, 209, '1234', '1979-08-12', 209, 8, 106, 0, 1, '', '', '0000-00-00', '00:00:00.000000', 0, NULL),
(210, 'RODRIGO ALEXANDRE KAWAMURA', 2147483647, 210, '1234', '1979-08-13', 210, 8, 158, 0, 1, '', '', '0000-00-00', '00:00:00.000000', 0, NULL),
(211, 'ROSANA LUCIANA DA SILVA VENANCIO', 2147483647, 211, '1234', '1979-08-14', 211, 8, 106, 0, 1, '', '', '0000-00-00', '00:00:00.000000', 0, NULL),
(212, 'RUBENS DA SILVA OLIVEIRA', 2147483647, 212, '1234', '1979-08-15', 212, 8, 123, 0, 1, '', '', '0000-00-00', '00:00:00.000000', 0, NULL),
(213, 'SILVANA DA SILVA RODRIGUES', 2147483647, 213, '1234', '1979-08-16', 213, 8, 139, 0, 1, '', '', '0000-00-00', '00:00:00.000000', 0, NULL),
(214, 'SUSAN DE OLIVEIRA TORRES', 2147483647, 214, '1234', '1979-08-17', 214, 8, 108, 0, 1, '', '', '0000-00-00', '00:00:00.000000', 0, NULL),
(215, 'VITOR ALVES LIMA SETTER', 2147483647, 215, '1234', '1979-08-18', 215, 8, 108, 0, 1, '', '', '0000-00-00', '00:00:00.000000', 0, NULL),
(216, 'VIVIAN MESQUITA GOMES', 2147483647, 216, '1234', '1979-08-19', 216, 8, 117, 0, 1, '', '', '0000-00-00', '00:00:00.000000', 0, NULL),
(217, 'WALDIR DE ALMEIDA LIMA JUNIOR', 2147483647, 217, '1234', '1979-08-20', 217, 8, 118, 0, 1, '', '', '0000-00-00', '00:00:00.000000', 0, NULL),
(218, 'ADILSON DANIEL RUIZ', 2147483647, 218, '1234', '1979-08-21', 218, 4, 111, 0, 1, '', '', '0000-00-00', '00:00:00.000000', 0, NULL),
(219, 'ADILSON JANUARIO DA SILVA', 2147483647, 219, '1234', '1979-08-22', 219, 4, 107, 0, 1, '', '', '0000-00-00', '00:00:00.000000', 0, NULL),
(220, 'ANA CLAUDIA PILLER', 2147483647, 220, '1234', '1979-08-23', 220, 4, 110, 0, 1, '', '', '0000-00-00', '00:00:00.000000', 0, NULL),
(221, 'ARNALDO AFONSO PINTO CHAVES', 2147483647, 221, '1234', '1979-08-24', 221, 4, 119, 0, 1, '', '', '0000-00-00', '00:00:00.000000', 0, NULL),
(222, 'CARLA PATRICIA DE LIMA', 2147483647, 222, '1234', '1979-08-25', 222, 4, 101, 0, 1, '', '', '0000-00-00', '00:00:00.000000', 0, NULL),
(223, 'CATIA REJANE DOS SANTOS DE OLIVEIRA', 2147483647, 223, '1234', '1979-08-26', 223, 4, 112, 0, 1, '', '', '0000-00-00', '00:00:00.000000', 0, NULL),
(224, 'FABRICIA CRISTINA CERDEIRA', 2147483647, 224, '1234', '1979-08-27', 224, 4, 113, 0, 1, '', '', '0000-00-00', '00:00:00.000000', 0, NULL),
(225, 'GENY JOSE GOMES PIETRANTONIO', 2147483647, 225, '1234', '1979-08-28', 225, 4, 121, 0, 1, '', '', '0000-00-00', '00:00:00.000000', 0, NULL),
(226, 'JOSÉ RICARDO SANTOS', 2147483647, 226, '1234', '1979-08-29', 226, 4, 112, 0, 1, '', '', '0000-00-00', '00:00:00.000000', 0, NULL),
(227, 'MARIA DE FATIMA DO MONTE HERNANDES', 2147483647, 227, '1234', '1979-08-30', 227, 4, 119, 0, 1, '', '', '0000-00-00', '00:00:00.000000', 0, NULL),
(228, 'MARIA DE FATIMA NEGRO CABRAL', 2147483647, 228, '1234', '1979-08-31', 228, 4, 102, 0, 1, '', '', '0000-00-00', '00:00:00.000000', 0, NULL),
(229, 'OSVALDO MOREIRA', 2147483647, 229, '1234', '1979-09-01', 229, 4, 120, 0, 1, '', '', '0000-00-00', '00:00:00.000000', 0, NULL),
(230, 'RAQUEL MARIA DE ARRUDA', 2147483647, 230, '1234', '1979-09-02', 230, 4, 102, 0, 1, '', '', '0000-00-00', '00:00:00.000000', 0, NULL),
(231, 'RENATA TORRES', 2147483647, 231, '1234', '1979-09-03', 231, 4, 116, 0, 1, '', '', '0000-00-00', '00:00:00.000000', 0, NULL),
(232, 'RODRIGO FONTANELLI', 2147483647, 232, '1234', '1979-09-04', 232, 4, 105, 0, 1, '', '', '0000-00-00', '00:00:00.000000', 0, NULL),
(233, 'VANESCA APARECIDA MARRERO GALLI', 2147483647, 233, '1234', '1979-09-05', 233, 4, 108, 0, 1, '', '', '0000-00-00', '00:00:00.000000', 0, NULL),
(234, 'ADALBERTO ALVES DE PASSOS', 2147483647, 234, '1234', '1979-09-06', 234, 3, 109, 0, 1, '', '', '0000-00-00', '00:00:00.000000', 0, NULL),
(235, 'ADILSON DOS SANTOS', 2147483647, 235, '1234', '1979-09-07', 235, 3, 108, 0, 1, '', '', '0000-00-00', '00:00:00.000000', 0, NULL),
(236, 'ALTINO VALLANDRO', 2147483647, 236, '1234', '1979-09-08', 236, 3, 107, 0, 1, '', '', '0000-00-00', '00:00:00.000000', 0, NULL),
(237, 'ANDERSOM LUIS DE BORBA', 2147483647, 237, '1234', '1979-09-09', 237, 3, 120, 0, 1, '', '', '0000-00-00', '00:00:00.000000', 0, NULL),
(238, 'CÂNDIDO FRANCISCO DE CAMARGO', 2147483647, 238, '1234', '1979-09-10', 238, 3, 102, 0, 1, '', '', '0000-00-00', '00:00:00.000000', 0, NULL),
(239, 'CARLOS HENRIQUE VENANCIO', 2147483647, 239, '1234', '1979-09-11', 239, 3, 121, 0, 1, '', '', '0000-00-00', '00:00:00.000000', 0, NULL),
(240, 'EDUARDO SILVEIRA', 2147483647, 240, '1234', '1979-09-12', 240, 3, 110, 0, 1, '', '', '0000-00-00', '00:00:00.000000', 0, NULL),
(241, 'ELIETE FATIMA PIRES DE ALBUQUERQUE FORTUNATO', 2147483647, 241, '1234', '1979-09-13', 241, 3, 119, 0, 1, '', '', '0000-00-00', '00:00:00.000000', 0, NULL),
(242, 'FABIANA DE OLIVEIRA', 2147483647, 242, '1234', '1979-09-14', 242, 3, 159, 0, 1, '', '', '0000-00-00', '00:00:00.000000', 0, NULL),
(243, 'FERNANDA VICTÓRIO', 2147483647, 243, '1234', '1979-09-15', 243, 3, 159, 0, 1, '', '', '0000-00-00', '00:00:00.000000', 0, NULL),
(244, 'FRANCISCO DE ASSIS GABRIEL VIEIRA', 2147483647, 244, '1234', '1979-09-16', 244, 3, 118, 0, 1, '', '', '0000-00-00', '00:00:00.000000', 0, NULL),
(245, 'JOSE FRANCISCO ZUMCKELLER DE CAMARGO ', 2147483647, 245, '1234', '1979-09-17', 245, 3, 112, 0, 1, '', '', '0000-00-00', '00:00:00.000000', 0, NULL),
(246, 'JUAN VIANA FARALDO', 2147483647, 246, '1234', '1979-09-18', 246, 3, 102, 0, 1, '', '', '0000-00-00', '00:00:00.000000', 0, NULL),
(247, 'MARCO AURELIO DONADON AFONSO SANTOS', 2147483647, 247, '1234', '1979-09-19', 247, 3, 109, 0, 1, '', '', '0000-00-00', '00:00:00.000000', 0, NULL),
(248, 'MARISA BERNARDO MISAEL', 2147483647, 248, '1234', '1979-09-20', 248, 3, 121, 0, 1, '', '', '0000-00-00', '00:00:00.000000', 0, NULL),
(249, 'MATHEUS DA SILVA', 2147483647, 249, '1234', '1979-09-21', 249, 3, 105, 0, 1, '', '', '0000-00-00', '00:00:00.000000', 0, NULL),
(250, 'MAURICIO VOLCOV VIVEIROS', 2147483647, 250, '1234', '1979-09-22', 250, 3, 120, 0, 1, '', '', '0000-00-00', '00:00:00.000000', 0, NULL),
(251, 'ROBERTO LUIZ VIEIRA PINTO', 2147483647, 251, '1234', '1979-09-23', 251, 3, 111, 0, 1, '', '', '0000-00-00', '00:00:00.000000', 0, NULL),
(252, 'RODRIGO APARECIDO DE ARAUJO PEDROSO', 2147483647, 252, '1234', '1979-09-24', 252, 3, 116, 0, 1, '', '', '0000-00-00', '00:00:00.000000', 0, NULL),
(253, 'SILVIA RAGUSA CHRISTIANO OLIVEIRA', 2147483647, 253, '1234', '1979-09-25', 253, 3, 102, 0, 1, '', '', '0000-00-00', '00:00:00.000000', 0, NULL),
(254, 'VALERIA REGINA CAMPOS FRANCO', 2147483647, 254, '1234', '1979-09-26', 254, 3, 119, 0, 1, '', '', '0000-00-00', '00:00:00.000000', 0, NULL),
(255, 'ALESSANDRA APARECIDA DE OLIVEIRA NASCIMENTO', 2147483647, 255, '1234', '1979-09-27', 255, 7, 121, 0, 1, '', '', '0000-00-00', '00:00:00.000000', 0, NULL),
(256, 'CELSO DE OLIVEIRA SIMON', 2147483647, 256, '1234', '1979-09-28', 256, 7, 120, 0, 1, '', '', '0000-00-00', '00:00:00.000000', 0, NULL),
(257, 'CLAUDIA COBELO', 2147483647, 257, '1234', '1979-09-29', 257, 7, 111, 0, 1, '', '', '0000-00-00', '00:00:00.000000', 0, NULL),
(258, 'CRISTIANE MARTINS DE OLIVEIRA', 2147483647, 258, '1234', '1979-09-30', 258, 7, 105, 0, 1, '', '', '0000-00-00', '00:00:00.000000', 0, NULL),
(259, 'FÁBIO NOGUEIRA KAAM', 2147483647, 259, '1234', '1979-10-01', 259, 7, 108, 0, 1, '', '', '0000-00-00', '00:00:00.000000', 0, NULL),
(260, 'GENIVAL GARÁ JUNIOR', 2147483647, 260, '1234', '1979-10-02', 260, 7, 116, 0, 1, '', '', '0000-00-00', '00:00:00.000000', 0, NULL),
(261, 'GERSON MORAIS DE SOUZA', 2147483647, 261, '1234', '1979-10-03', 261, 7, 102, 0, 1, '', '', '0000-00-00', '00:00:00.000000', 0, NULL),
(262, 'IRINEU JOSE VOLTOLINI', 2147483647, 262, '1234', '1979-10-04', 262, 7, 109, 0, 1, '', '', '0000-00-00', '00:00:00.000000', 0, NULL),
(263, 'ISABEL CRISTINA CAVICHIOLI BIANCHI', 2147483647, 263, '1234', '1979-10-05', 263, 7, 113, 0, 1, '', '', '0000-00-00', '00:00:00.000000', 0, NULL),
(264, 'IVETE PEREIRA', 2147483647, 264, '1234', '1979-10-06', 264, 7, 112, 0, 1, '', '', '0000-00-00', '00:00:00.000000', 0, NULL),
(265, 'JANAÍNA TRINDADE FIDÉLIS ALVES', 2147483647, 265, '1234', '1979-10-07', 265, 7, 117, 0, 1, '', '', '0000-00-00', '00:00:00.000000', 0, NULL),
(266, 'MARCO ANTONIO MARTINS ESCOBAR', 2147483647, 266, '1234', '1979-10-08', 266, 7, 102, 0, 1, '', '', '0000-00-00', '00:00:00.000000', 0, NULL),
(267, 'MARIA CRISTINA DE OLIVEIRA DE LIMA', 2147483647, 267, '1234', '1979-10-09', 267, 7, 120, 0, 1, '', '', '0000-00-00', '00:00:00.000000', 0, NULL),
(268, 'NILZA OLIVEIRA DE MACEDO PITA', 2147483647, 268, '1234', '1979-10-10', 268, 7, 110, 0, 1, '', '', '0000-00-00', '00:00:00.000000', 0, NULL),
(269, 'RAQUEL ARAUJO CORREIA', 2147483647, 269, '1234', '1979-10-11', 269, 7, 119, 0, 1, '', '', '0000-00-00', '00:00:00.000000', 0, NULL),
(270, 'RONALDO FERRAS DE MORAES', 2147483647, 270, '1234', '1979-10-12', 270, 7, 119, 0, 1, '', '', '0000-00-00', '00:00:00.000000', 0, NULL),
(271, 'SILVANA APARECIDA DOMINGUES', 2147483647, 271, '1234', '1979-10-13', 271, 7, 101, 0, 1, '', '', '0000-00-00', '00:00:00.000000', 0, NULL),
(272, 'ANA LUCIA DEL SARTO DI GIROLAMO', 2147483647, 272, '1234', '1979-10-14', 272, 6, 109, 0, 1, '', '', '0000-00-00', '00:00:00.000000', 0, NULL),
(273, 'ANA MARCIA ASSAD SALIM', 2147483647, 273, '1234', '1979-10-15', 273, 6, 120, 0, 1, '', '', '0000-00-00', '00:00:00.000000', 0, NULL),
(274, 'ANDREA ONODY PELLIS', 2147483647, 274, '1234', '1979-10-16', 274, 6, 102, 0, 1, '', '', '0000-00-00', '00:00:00.000000', 0, NULL),
(275, 'CAMMILA MIGUEL VIEIRA KOBAYASHI', 2147483647, 275, '1234', '1979-10-17', 275, 6, 120, 0, 1, '', '', '0000-00-00', '00:00:00.000000', 0, NULL),
(276, 'CINTIA WATANABE AYUKAWA', 2147483647, 276, '1234', '1979-10-18', 276, 6, 105, 0, 1, '', '', '0000-00-00', '00:00:00.000000', 0, NULL),
(277, 'DANIELE APARECIDA MARQUES DE LIMA', 2147483647, 277, '1234', '1979-10-19', 277, 6, 116, 0, 1, '', '', '0000-00-00', '00:00:00.000000', 0, NULL),
(278, 'DENISE DE SOUZA CARREIRO RODRIGUES', 2147483647, 278, '1234', '1979-10-20', 278, 6, 121, 0, 1, '', '', '0000-00-00', '00:00:00.000000', 0, NULL),
(279, 'ELIANE CRISTINA VIEIRA RIBEIRO', 2147483647, 279, '1234', '1979-10-21', 279, 6, 101, 0, 1, '', '', '0000-00-00', '00:00:00.000000', 0, NULL),
(280, 'LARISSA DE FREITAS TELES', 2147483647, 280, '1234', '1979-10-22', 280, 6, 159, 0, 1, '', '', '0000-00-00', '00:00:00.000000', 0, NULL),
(281, 'LEILA REIS DA SILVA', 2147483647, 281, '1234', '1979-10-23', 281, 6, 121, 0, 1, '', '', '0000-00-00', '00:00:00.000000', 0, NULL),
(282, 'LIRIA DE FATIMA SILVA SABBATINI ', 2147483647, 282, '1234', '1979-10-24', 282, 6, 112, 0, 1, '', '', '0000-00-00', '00:00:00.000000', 0, NULL),
(283, 'MARIA DOS SANTOS BRITO', 2147483647, 283, '1234', '1979-10-25', 283, 6, 110, 0, 1, '', '', '0000-00-00', '00:00:00.000000', 0, NULL),
(284, 'MARILENE APARECIDA DE SOUZA', 2147483647, 284, '1234', '1979-10-26', 284, 6, 159, 0, 1, '', '', '0000-00-00', '00:00:00.000000', 0, NULL),
(285, 'MICHELLE LETÍCIA BOTEGA BORGES', 2147483647, 285, '1234', '1979-10-27', 285, 6, 113, 0, 1, '', '', '0000-00-00', '00:00:00.000000', 0, NULL),
(286, 'ROBSON DE SOUZA ANDRADE', 2147483647, 286, '1234', '1979-10-28', 286, 6, 121, 0, 1, '', '', '0000-00-00', '00:00:00.000000', 0, NULL),
(287, 'ROSANA SILVA DE MACEDO', 2147483647, 287, '1234', '1979-10-29', 287, 6, 102, 0, 1, '', '', '0000-00-00', '00:00:00.000000', 0, NULL),
(288, 'ROSANGELA LISETE CONTINI DE MORAES', 2147483647, 288, '1234', '1979-10-30', 288, 6, 119, 0, 1, '', '', '0000-00-00', '00:00:00.000000', 0, NULL),
(289, 'SIMONE FERRAZ DE MORAES SANTOS ROSA', 2147483647, 289, '1234', '1979-10-31', 289, 6, 119, 0, 1, '', '', '0000-00-00', '00:00:00.000000', 0, NULL),
(290, 'SUZI LIE HIRASAKA DA SILVA', 2147483647, 290, '1234', '1979-11-01', 290, 6, 107, 0, 1, '', '', '0000-00-00', '00:00:00.000000', 0, NULL),
(291, 'ALEXANDRE ROLIM SOARES', 2147483647, 291, '1234', '1979-11-02', 291, 1, 101, 0, 1, '', '', '0000-00-00', '00:00:00.000000', 2, 1),
(292, 'ANDRIA FRANCIELLY DA SILVA MOTA', 2147483647, 292, '1234', '1979-11-03', 292, 1, 102, 0, 1, '', '', '0000-00-00', '00:00:00.000000', 0, NULL),
(293, 'ANTONIA MARTA DE ARRUDA ROSA', 2147483647, 293, '1234', '1979-11-04', 293, 1, 113, 0, 1, '', '', '0000-00-00', '00:00:00.000000', 0, NULL),
(294, 'ARLETE MARIA SILVA SILVEIRA', 2147483647, 294, '1234', '1979-11-05', 294, 1, 110, 0, 1, '', '', '0000-00-00', '00:00:00.000000', 0, NULL),
(295, 'CAROLINA DE GODOY', 2147483647, 295, '1234', '1979-11-06', 295, 1, 102, 0, 1, '', '', '0000-00-00', '00:00:00.000000', 0, NULL),
(296, 'CLEONICE ANDRELA FEIJO SILVA', 2147483647, 296, '1234', '1979-11-07', 296, 1, 112, 0, 1, '', '', '0000-00-00', '00:00:00.000000', 0, NULL),
(297, 'CLEONICE MARIA ANDRADE GONÇALVES', 2147483647, 297, '1234', '1979-11-08', 297, 1, 112, 0, 1, '', '', '0000-00-00', '00:00:00.000000', 0, NULL),
(298, 'CLEUSA MARCONDES PEREIRA', 2147483647, 298, '1234', '1979-11-09', 298, 1, 108, 0, 1, '', '', '0000-00-00', '00:00:00.000000', 0, NULL),
(299, 'DALVA REGINA DE OLIVEIRA FRANÇA', 2147483647, 299, '1234', '1979-11-10', 299, 1, 107, 0, 1, '', '', '0000-00-00', '00:00:00.000000', 0, NULL),
(300, 'EDMA MACIEL TAVARES MAZINI', 2147483647, 300, '1234', '1979-11-11', 300, 1, 118, 0, 1, '', '', '0000-00-00', '00:00:00.000000', 0, NULL),
(301, 'EDNA ALEXANDRE AGUIAR', 2147483647, 301, '1234', '1979-11-12', 301, 1, 119, 0, 1, '', '', '0000-00-00', '00:00:00.000000', 0, NULL),
(302, 'FATIMA PEREIRA', 2147483647, 302, '1234', '1979-11-13', 302, 1, 108, 0, 1, '', '', '0000-00-00', '00:00:00.000000', 0, NULL),
(303, 'FRANCISCO DE ASSIS FERNANDES', 2147483647, 303, '1234', '1979-11-14', 303, 1, 105, 0, 1, '', '', '0000-00-00', '00:00:00.000000', 0, NULL),
(304, 'GLAUCIA REGINA DE CAMPOS CARVALHO', 2147483647, 304, '1234', '1979-11-15', 304, 1, 121, 0, 1, '', '', '0000-00-00', '00:00:00.000000', 0, NULL),
(305, 'GLÁUCIA VALÉRIA GÓES SABBATINI', 2147483647, 305, '1234', '1979-11-16', 305, 1, 159, 0, 1, '', '', '0000-00-00', '00:00:00.000000', 0, NULL),
(306, 'ISMAEL DOS SANTOS HERGESEL', 2147483647, 306, '1234', '1979-11-17', 306, 1, 159, 0, 1, '', '', '0000-00-00', '00:00:00.000000', 0, NULL),
(307, 'JOCIMARA RODRIGUES DA SILVEIRA', 2147483647, 307, '1234', '1979-11-18', 307, 1, 112, 0, 1, '', '', '0000-00-00', '00:00:00.000000', 0, NULL),
(308, 'LETIZIA APARECIDA CECCONI PEDROSO', 2147483647, 308, '1234', '1979-11-19', 308, 1, 121, 0, 1, '', '', '0000-00-00', '00:00:00.000000', 0, NULL),
(309, 'MARCIA AGUIAR HERGESEL', 2147483647, 309, '1234', '1979-11-20', 309, 1, 120, 0, 1, '', '', '0000-00-00', '00:00:00.000000', 0, NULL),
(310, 'MARCIA CRISTINA DA SILVA RODRIGUES DE ALMEIDA', 2147483647, 310, '1234', '1979-11-21', 310, 1, 113, 0, 1, '', '', '0000-00-00', '00:00:00.000000', 0, NULL),
(311, 'MARCIA DA CONCEIÇÃO DA SILVA', 2147483647, 311, '1234', '1979-11-22', 311, 1, 109, 0, 1, '', '', '0000-00-00', '00:00:00.000000', 0, NULL),
(312, 'MARIA APARECIDA COELHO', 2147483647, 312, '1234', '1979-11-23', 312, 1, 107, 0, 1, '', '', '0000-00-00', '00:00:00.000000', 0, NULL),
(313, 'MARIA CECILIA ALVES DE MELLO SILVA', 2147483647, 313, '1234', '1979-11-24', 313, 1, 120, 0, 1, '', '', '0000-00-00', '00:00:00.000000', 0, NULL),
(314, 'MARIA DE FATIMA PEREIRA', 2147483647, 314, '1234', '1979-11-25', 314, 1, 120, 0, 1, '', '', '0000-00-00', '00:00:00.000000', 0, NULL),
(315, 'MARLI PEDRO DA COSTA', 2147483647, 315, '1234', '1979-11-26', 315, 1, 159, 0, 1, '', '', '0000-00-00', '00:00:00.000000', 0, NULL),
(316, 'NUMA ROCCA ANGELO', 2147483647, 316, '1234', '1979-11-27', 316, 1, 102, 0, 1, '', '', '0000-00-00', '00:00:00.000000', 0, NULL),
(317, 'RAQUEL ALVES DA SILVA', 2147483647, 317, '1234', '1979-11-28', 317, 1, 120, 0, 1, '', '', '0000-00-00', '00:00:00.000000', 0, NULL),
(318, 'ROSANGELA LISETE CONTINI DE MORAES', 2147483647, 318, '1234', '1979-11-29', 318, 1, 119, 0, 1, '', '', '0000-00-00', '00:00:00.000000', 0, NULL),
(319, 'ROSEMARY SILVA SANTOS', 2147483647, 319, '1234', '1979-11-30', 319, 1, 109, 0, 1, '', '', '0000-00-00', '00:00:00.000000', 0, NULL),
(320, 'ROSEMEIRE DE CASSIA PEREIRA', 2147483647, 320, '1234', '1979-12-01', 320, 1, 102, 0, 1, '', '', '0000-00-00', '00:00:00.000000', 0, NULL),
(321, 'SARA ANTUNES TOTH FERREIRA', 2147483647, 321, '1234', '1979-12-02', 321, 1, 111, 0, 1, '', '', '0000-00-00', '00:00:00.000000', 0, NULL),
(322, 'SHIRLEY SANCHES COBELLO LEME', 2147483647, 322, '1234', '1979-12-03', 322, 1, 121, 0, 1, '', '', '0000-00-00', '00:00:00.000000', 0, NULL),
(323, 'SONIA APARECIDA MORAIS DOS SANTOS TOWNSEND', 2147483647, 323, '1234', '1979-12-04', 323, 1, 119, 0, 1, '', '', '0000-00-00', '00:00:00.000000', 0, NULL),
(324, 'SUZANA MENDES DE QUEIRÓZ NUNES', 2147483647, 324, '1234', '1979-12-05', 324, 1, 119, 0, 1, '', '', '0000-00-00', '00:00:00.000000', 0, NULL),
(325, 'TANIA ROSANGELA DE CARVALHO TEMPORIM', 2147483647, 325, '1234', '1978-12-06', 326, 1, 113, 0, 1, '', '', '0000-00-00', '00:00:00.000000', 0, NULL),
(326, 'VANDERLEI MIGUEL', 2147483647, 326, '1234', '1979-12-07', 326, 1, 110, 0, 1, '', '', '0000-00-00', '00:00:00.000000', 0, NULL),
(327, 'ANA CAROLINA DA SILVA PEREIRA', 2147483647, 327, '1234', '1979-12-08', 327, 2, 107, 0, 1, '', '', '0000-00-00', '00:00:00.000000', 0, NULL),
(328, 'ANDRE LUIZ DE CAMARGO', 2147483647, 328, '1234', '1979-12-09', 328, 2, 102, 0, 1, '', '', '0000-00-00', '00:00:00.000000', 0, NULL),
(329, 'ANDRE LUIZ FORTUNATO', 2147483647, 329, '1234', '1979-12-10', 329, 2, 119, 0, 1, '', '', '0000-00-00', '00:00:00.000000', 0, NULL),
(330, 'CARLOS GUSTAVO MARCICANO ANTUNES', 2147483647, 330, '1234', '1979-12-11', 330, 2, 139, 0, 1, '', '', '0000-00-00', '00:00:00.000000', 0, NULL),
(331, 'CLAUDIA REGINA GOMES', 2147483647, 331, '1234', '1979-12-12', 331, 2, 109, 0, 1, '', '', '0000-00-00', '00:00:00.000000', 0, NULL),
(332, 'EDNA MARIA CARLOS', 2147483647, 332, '1234', '1979-12-13', 332, 2, 102, 0, 1, '', '', '0000-00-00', '00:00:00.000000', 0, NULL),
(333, 'EDUARDO DA CRUZ', 2147483647, 333, '1234', '1979-12-14', 333, 2, 112, 0, 1, '', '', '0000-00-00', '00:00:00.000000', 0, NULL),
(334, 'FABIANA DE LIMA FERRACINI BATISTA', 2147483647, 334, '1234', '1979-12-15', 334, 2, 101, 0, 1, '', '', '0000-00-00', '00:00:00.000000', 0, NULL),
(335, 'FELIPPE CHALUPPE', 2147483647, 335, '1234', '1979-12-16', 335, 2, 119, 0, 1, '', '', '0000-00-00', '00:00:00.000000', 0, NULL),
(336, 'HELENA BATISTA DOS SANTOS', 2147483647, 336, '1234', '1979-12-17', 336, 2, 108, 0, 1, '', '', '0000-00-00', '00:00:00.000000', 0, NULL),
(337, 'HELGA LUISA BUENO BARBOZA', 2147483647, 337, '1234', '1979-12-18', 337, 2, 113, 0, 1, '', '', '0000-00-00', '00:00:00.000000', 0, NULL),
(338, 'IRENE MACIEL CARDOSO', 2147483647, 338, '1234', '1979-12-19', 338, 2, 118, 0, 1, '', '', '0000-00-00', '00:00:00.000000', 0, NULL),
(339, 'JOÃO WALTER TESSITORE', 2147483647, 339, '1234', '1979-12-20', 339, 2, 105, 0, 1, '', '', '0000-00-00', '00:00:00.000000', 0, NULL),
(340, 'JUARI PEREIRA PRIMO', 2147483647, 340, '1234', '1979-12-21', 340, 2, 109, 0, 1, '', '', '0000-00-00', '00:00:00.000000', 0, NULL),
(341, 'LUIZ CARLOS GODINHO DE ALMEIDA', 2147483647, 341, '1234', '1979-12-22', 341, 2, 120, 0, 1, '', '', '0000-00-00', '00:00:00.000000', 0, NULL),
(342, 'LUIZA ALVES DE PONTES MARIANO', 2147483647, 342, '1234', '1979-12-23', 342, 2, 116, 0, 1, '', '', '0000-00-00', '00:00:00.000000', 0, NULL),
(343, 'MARCELA DOS SANTOS DE MORAES ', 2147483647, 343, '1234', '1979-12-24', 343, 2, 111, 0, 1, '', '', '0000-00-00', '00:00:00.000000', 0, NULL),
(344, 'MARGARETE LOURDES DE FREITAS', 2147483647, 344, '1234', '1979-12-25', 344, 2, 120, 0, 1, '', '', '0000-00-00', '00:00:00.000000', 0, NULL),
(345, 'MARIA CRISTINA DO NASCIMENTO DA SILVA', 2147483647, 345, '1234', '1979-12-26', 345, 2, 113, 0, 1, '', '', '0000-00-00', '00:00:00.000000', 0, NULL),
(346, 'MARIA DO CARMO PRUDENTE RAMOS', 2147483647, 346, '1234', '1979-12-27', 346, 2, 159, 0, 1, '', '', '0000-00-00', '00:00:00.000000', 0, NULL),
(347, 'MARLI FERNANDES RODRIGUES DA SILVEIRA MORAES', 2147483647, 347, '1234', '1979-12-28', 347, 2, 102, 0, 1, '', '', '0000-00-00', '00:00:00.000000', 0, NULL),
(348, 'ONÉSIMO AMANCIO DA SILVA', 2147483647, 348, '1234', '1979-12-29', 348, 2, 120, 0, 1, '', '', '0000-00-00', '00:00:00.000000', 0, NULL),
(349, 'OTANIEL FELIX DE LIMA', 2147483647, 349, '1234', '1979-12-30', 349, 2, 121, 0, 1, '', '', '0000-00-00', '00:00:00.000000', 0, NULL),
(350, 'RAFAEL FIDELIS PEREIRA', 2147483647, 350, '1234', '1979-12-31', 350, 2, 102, 0, 1, '', '', '0000-00-00', '00:00:00.000000', 0, NULL),
(351, 'RODOLFO SCOPARO FERREIRA', 2147483647, 351, '1234', '1980-01-01', 351, 2, 159, 0, 1, '', '', '0000-00-00', '00:00:00.000000', 0, NULL),
(352, 'ROSANGELA ANGELICA DA SILVA', 2147483647, 352, '1234', '1980-01-02', 352, 2, 112, 0, 1, '', '', '0000-00-00', '00:00:00.000000', 0, NULL),
(353, 'ROSANGELA APARECIDA DA SILVA MARTINS', 2147483647, 353, '1234', '1980-01-03', 353, 2, 119, 0, 1, '', '', '0000-00-00', '00:00:00.000000', 0, NULL),
(354, 'ROSELI APARECIDA ADÃO BERTOLACCINI', 2147483647, 354, '1234', '1980-01-04', 354, 2, 112, 0, 1, '', '', '0000-00-00', '00:00:00.000000', 0, NULL),
(355, 'SANDRA APARECIDA NOGUEIRA DA SILVA', 2147483647, 355, '1234', '1980-01-05', 355, 2, 121, 0, 1, '', '', '0000-00-00', '00:00:00.000000', 0, NULL),
(356, 'SILVANA BEZ RIBEIRO', 2147483647, 356, '1234', '1980-01-06', 356, 2, 108, 0, 1, '', '', '0000-00-00', '00:00:00.000000', 0, NULL),
(357, 'VERONICA CERIONI VALENTE SOARES', 2147483647, 357, '1234', '1980-01-07', 357, 2, 110, 0, 1, '', '', '0000-00-00', '00:00:00.000000', 0, NULL);
INSERT INTO `tb_usuario` (`cod_usuario`, `nome_usuario`, `cpf`, `matricula`, `senha`, `data_nascimento`, `pontuacao`, `cod_cargo`, `cod_escola`, `cod_escola_anterior`, `cod_status`, `email`, `telefone`, `data_inscricao`, `hora_inscricao`, `cod_inscrito`, `cod_indicacao`) VALUES
(358, 'WALTERLEY DA SILVA', 2147483647, 358, '1234', '1980-01-08', 358, 2, 102, 0, 1, '', '', '0000-00-00', '00:00:00.000000', 0, NULL),
(359, 'WANDERLEI LOPES TORRES', 2147483647, 359, '1234', '1980-01-09', 359, 2, 110, 0, 1, '', '', '0000-00-00', '00:00:00.000000', 0, NULL),
(360, 'WANDERLEY ARIAS SILVA', 2147483647, 360, '1234', '1980-01-10', 360, 2, 121, 0, 1, '', '', '0000-00-00', '00:00:00.000000', 0, NULL),
(361, 'WILMO GONÇALVES NEVES', 2147483647, 361, '1234', '1980-01-11', 361, 2, 159, 0, 1, '', '', '0000-00-00', '00:00:00.000000', 0, NULL),
(362, 'WILSON DE MORAES ROSA FILHO', 2147483647, 362, '1234', '1980-01-12', 362, 2, 159, 0, 1, '', '', '0000-00-00', '00:00:00.000000', 0, NULL),
(363, 'ADILA RODRIGUES DE OLIVEIRA ', 2147483647, 363, '1234', '1980-01-13', 363, 12, 108, 0, 1, '', '', '0000-00-00', '00:00:00.000000', 0, NULL),
(364, 'ANA ANGELICA DE JESUS VIEIRA DI GIOSIA', 2147483647, 364, '1234', '1980-01-14', 364, 12, 115, 0, 1, '', '', '0000-00-00', '00:00:00.000000', 0, NULL),
(365, 'ANA CLAUDIA DE LARA', 2147483647, 365, '1234', '1980-01-15', 365, 12, 117, 0, 1, '', '', '0000-00-00', '00:00:00.000000', 0, NULL),
(366, 'ANA CLAUDIA GODOY ALBUQUERQUE', 2147483647, 366, '1234', '1980-01-16', 366, 12, 121, 0, 1, '', '', '0000-00-00', '00:00:00.000000', 0, NULL),
(367, 'ANA CLAUDIA GROTTI', 2147483647, 367, '1234', '1980-01-17', 367, 12, 113, 0, 1, '', '', '0000-00-00', '00:00:00.000000', 0, NULL),
(368, 'ANA LUCIA DINIZ ', 2147483647, 368, '1234', '1980-01-18', 368, 12, 106, 0, 1, '', '', '0000-00-00', '00:00:00.000000', 0, NULL),
(369, 'ANA MARIA DA SILVA', 2147483647, 369, '1234', '1980-01-19', 369, 12, 120, 0, 1, '', '', '0000-00-00', '00:00:00.000000', 0, NULL),
(370, 'ANA MARIA DO PRADO DE OLIVEIRA', 2147483647, 370, '1234', '1980-01-20', 370, 12, 110, 0, 1, '', '', '0000-00-00', '00:00:00.000000', 0, NULL),
(371, 'ANA MARIA MODESTO CITADINI', 2147483647, 371, '1234', '1980-01-21', 371, 12, 108, 0, 1, '', '', '0000-00-00', '00:00:00.000000', 0, NULL),
(372, 'ANA PAULA DE CARLA BUSSADORI', 2147483647, 372, '1234', '1980-01-22', 372, 12, 106, 0, 1, '', '', '0000-00-00', '00:00:00.000000', 0, NULL),
(373, 'ANDREA CRISTINA DA CONCEIÇÃO BROSSA', 2147483647, 373, '1234', '1980-01-23', 373, 12, 115, 0, 1, '', '', '0000-00-00', '00:00:00.000000', 0, NULL),
(374, 'ANDREIA APARECIDA CABRAL SOARES', 2147483647, 374, '1234', '1980-01-24', 374, 12, 101, 0, 1, '', '', '0000-00-00', '00:00:00.000000', 0, NULL),
(375, 'ANDREIA DE CASSIA APARECIDA BATISTA MORAES', 2147483647, 375, '1234', '1980-01-25', 375, 12, 110, 0, 1, '', '', '0000-00-00', '00:00:00.000000', 0, NULL),
(376, 'ANDREIA FERNANDA RODRIGUES TAVANO', 2147483647, 376, '1234', '1980-01-26', 376, 12, 108, 0, 1, '', '', '0000-00-00', '00:00:00.000000', 0, NULL),
(377, 'ANDREIA ROMANUC ALBUQUERQUE', 2147483647, 377, '1234', '1980-01-27', 377, 12, 117, 0, 1, '', '', '0000-00-00', '00:00:00.000000', 0, NULL),
(378, 'ÂNGELA APARECIDA SALES MOREIRA', 2147483647, 378, '1234', '1980-01-28', 378, 12, 116, 0, 1, '', '', '0000-00-00', '00:00:00.000000', 0, NULL),
(379, 'APARECIDA DE JESUS MELLO COLELA', 2147483647, 379, '1234', '1980-01-29', 379, 12, 121, 0, 1, '', '', '0000-00-00', '00:00:00.000000', 0, NULL),
(380, 'APARECIDA DO CARMO SILVA RAMALHO ROLIM', 2147483647, 380, '1234', '1980-01-30', 380, 12, 107, 0, 1, '', '', '0000-00-00', '00:00:00.000000', 0, NULL),
(381, 'ARIANA FERNANDES DO ROSARIO PREARO', 2147483647, 381, '1234', '1980-01-31', 381, 12, 113, 0, 1, '', '', '0000-00-00', '00:00:00.000000', 0, NULL),
(382, 'ARYANE SATIE OHRI DE CAMARGO', 2147483647, 382, '1234', '1980-02-01', 382, 12, 121, 0, 1, '', '', '0000-00-00', '00:00:00.000000', 0, NULL),
(383, 'BRUNA LARCHER BATISTA MARTINS', 2147483647, 383, '1234', '1980-02-02', 383, 12, 107, 0, 1, '', '', '0000-00-00', '00:00:00.000000', 0, NULL),
(384, 'CARLA CRISTINA BARBOSA DA SILVA', 2147483647, 384, '1234', '1980-02-03', 384, 12, 113, 0, 1, '', '', '0000-00-00', '00:00:00.000000', 0, NULL),
(385, 'CARLA MAIDA GODINHO MARTINELLI ', 2147483647, 385, '1234', '1980-02-04', 385, 12, 108, 0, 1, '', '', '0000-00-00', '00:00:00.000000', 0, NULL),
(386, 'CAROLINA FERREIRA MARTINS', 2147483647, 386, '1234', '1980-02-05', 386, 12, 121, 0, 1, '', '', '0000-00-00', '00:00:00.000000', 0, NULL),
(387, 'CAROLINA RODRIGUES PEREZ ABRÃO', 2147483647, 387, '1234', '1980-02-06', 387, 12, 109, 0, 1, '', '', '0000-00-00', '00:00:00.000000', 0, NULL),
(388, 'CIBELE CANDIDA FIRMO DA SILVA', 2147483647, 388, '1234', '1980-02-07', 388, 12, 103, 0, 1, '', '', '0000-00-00', '00:00:00.000000', 0, NULL),
(389, 'CICERA FERREIRA GIORNI', 2147483647, 389, '1234', '1980-02-08', 389, 12, 106, 0, 1, '', '', '0000-00-00', '00:00:00.000000', 0, NULL),
(390, 'CINTHIA ARIAS MORENO', 2147483647, 390, '1234', '1980-02-09', 390, 12, 111, 0, 1, '', '', '0000-00-00', '00:00:00.000000', 0, NULL),
(391, 'CLAUDIA APARECIDA SILVERIO', 2147483647, 391, '1234', '1980-02-10', 391, 12, 121, 0, 1, '', '', '0000-00-00', '00:00:00.000000', 0, NULL),
(392, 'CLAUDIA MARIA ROMÃO MATOS QUARESMA', 2147483647, 392, '1234', '1980-02-11', 392, 12, 108, 0, 1, '', '', '0000-00-00', '00:00:00.000000', 0, NULL),
(393, 'CLAUDIA RIBON', 2147483647, 393, '1234', '1980-02-12', 393, 12, 159, 0, 1, '', '', '0000-00-00', '00:00:00.000000', 0, NULL),
(394, 'CLAUDINEIA PEDROSO DE OLIVEIRA VIEIRA', 2147483647, 394, '1234', '1980-02-13', 394, 12, 120, 0, 1, '', '', '0000-00-00', '00:00:00.000000', 0, NULL),
(395, 'CLEONICE APARECIDA CARDOSO DE SOUSA', 2147483647, 395, '1234', '1980-02-14', 395, 12, 109, 0, 1, '', '', '0000-00-00', '00:00:00.000000', 0, NULL),
(396, 'CONCEIÇÃO APARECIDA DOS SANTOS MARTINS VARELA ALVES', 2147483647, 396, '1234', '1980-02-15', 396, 12, 106, 0, 1, '', '', '0000-00-00', '00:00:00.000000', 0, NULL),
(397, 'CRISTIANE APARECIDA VIEIRA', 2147483647, 397, '1234', '1980-02-16', 397, 12, 159, 0, 1, '', '', '0000-00-00', '00:00:00.000000', 0, NULL),
(398, 'CRISTIANE BRESSA LUZ', 2147483647, 398, '1234', '1980-02-17', 398, 12, 109, 0, 1, '', '', '0000-00-00', '00:00:00.000000', 0, NULL),
(399, 'CRISTIANE COSTA BARROS', 2147483647, 399, '1234', '1980-02-18', 399, 12, 115, 0, 1, '', '', '0000-00-00', '00:00:00.000000', 0, NULL),
(400, 'CRISTIANE FLORES GOMES MAGDALENO', 2147483647, 400, '1234', '1980-02-19', 400, 12, 120, 0, 1, '', '', '0000-00-00', '00:00:00.000000', 0, NULL),
(401, 'CRISTIANE SALVIANO DA SILVA PEREIRA', 2147483647, 401, '1234', '1980-02-20', 401, 12, 110, 0, 1, '', '', '0000-00-00', '00:00:00.000000', 0, NULL),
(402, 'DAISY DOS SANTOS BASTOS', 2147483647, 402, '1234', '1980-02-21', 402, 12, 116, 0, 1, '', '', '0000-00-00', '00:00:00.000000', 0, NULL),
(403, 'DAYANA KELLY DA SILVA CANDIDO', 2147483647, 403, '1234', '1980-02-22', 403, 12, 107, 0, 1, '', '', '0000-00-00', '00:00:00.000000', 0, NULL),
(404, 'DAYANE ELOISA RODRIGUES ROMERO', 2147483647, 404, '1234', '1980-02-23', 404, 12, 107, 0, 1, '', '', '0000-00-00', '00:00:00.000000', 0, NULL),
(405, 'DEBORA ALVES MARTINS', 2147483647, 405, '1234', '1980-02-24', 405, 12, 113, 0, 1, '', '', '0000-00-00', '00:00:00.000000', 0, NULL),
(406, 'DEBORA DOS REIS SANTUCCI SABINO DE SOUZA', 2147483647, 406, '1234', '1980-02-25', 406, 12, 106, 0, 1, '', '', '0000-00-00', '00:00:00.000000', 0, NULL),
(407, 'DENISE FERNANDES MANDU', 2147483647, 407, '1234', '1980-02-26', 407, 12, 121, 0, 1, '', '', '0000-00-00', '00:00:00.000000', 0, NULL),
(408, 'DEYSE DE SOUSA KAAM', 2147483647, 408, '1234', '1980-02-27', 408, 12, 111, 0, 1, '', '', '0000-00-00', '00:00:00.000000', 0, NULL),
(409, 'EDILENE MORAES LIMA', 2147483647, 409, '1234', '1980-02-28', 409, 12, 118, 0, 1, '', '', '0000-00-00', '00:00:00.000000', 0, NULL),
(410, 'EDILSON APARECIDO LEMOS', 2147483647, 410, '1234', '1980-02-29', 410, 12, 159, 0, 1, '', '', '0000-00-00', '00:00:00.000000', 0, NULL),
(411, 'ELAINE DO CARMO PRESTES', 2147483647, 411, '1234', '1980-03-01', 411, 12, 117, 0, 1, '', '', '0000-00-00', '00:00:00.000000', 0, NULL),
(412, 'ELIANA BARBOSA NETTO', 2147483647, 412, '1234', '1980-03-02', 412, 12, 106, 0, 1, '', '', '0000-00-00', '00:00:00.000000', 0, NULL),
(413, 'ELIANE CRISTINA INFANTI', 2147483647, 413, '1234', '1980-03-03', 413, 12, 115, 0, 1, '', '', '0000-00-00', '00:00:00.000000', 0, NULL),
(414, 'ELISABETE CONCEIÇÃO MARTINS', 2147483647, 414, '1234', '1980-03-04', 414, 12, 159, 0, 1, '', '', '0000-00-00', '00:00:00.000000', 0, NULL),
(415, 'EMILENA DE CASSIA DA SILVA ', 2147483647, 415, '1234', '1980-03-05', 415, 12, 108, 0, 1, '', '', '0000-00-00', '00:00:00.000000', 0, NULL),
(416, 'ERCY DE TOLEDO MACHADO', 2147483647, 416, '1234', '1980-03-06', 416, 12, 106, 0, 1, '', '', '0000-00-00', '00:00:00.000000', 0, NULL),
(417, 'ERIANA TRAJANDA CONTI GONÇALVES', 2147483647, 417, '1234', '1980-03-07', 417, 12, 101, 0, 1, '', '', '0000-00-00', '00:00:00.000000', 0, NULL),
(418, 'ERICA MARA QUEIROZ GAZAL  ', 2147483647, 418, '1234', '1980-03-08', 418, 12, 110, 0, 1, '', '', '0000-00-00', '00:00:00.000000', 0, NULL),
(419, 'ESTELA CASTRO GOUVEIA ARANTES', 2147483647, 419, '1234', '1980-03-09', 419, 12, 115, 0, 1, '', '', '0000-00-00', '00:00:00.000000', 0, NULL),
(420, 'EUNICE MARIA SANI DE MORAES', 2147483647, 420, '1234', '1980-03-10', 420, 12, 112, 0, 1, '', '', '0000-00-00', '00:00:00.000000', 0, NULL),
(421, 'FABIANA FERREIRA GONÇALVES', 2147483647, 421, '1234', '1980-03-11', 421, 12, 118, 0, 1, '', '', '0000-00-00', '00:00:00.000000', 0, NULL),
(422, 'FABIANA SANTANA DORADOR', 2147483647, 422, '1234', '1980-03-12', 422, 12, 120, 0, 1, '', '', '0000-00-00', '00:00:00.000000', 0, NULL),
(423, 'FERNANDA DA SILVA FARIA', 2147483647, 423, '1234', '1980-03-13', 423, 12, 109, 0, 1, '', '', '0000-00-00', '00:00:00.000000', 0, NULL),
(424, 'FERNANDA RIBEIRO ANGELI', 2147483647, 424, '1234', '1980-03-14', 424, 12, 116, 0, 1, '', '', '0000-00-00', '00:00:00.000000', 0, NULL),
(425, 'FLAVIA APARECIDA CAPPA ROSA', 2147483647, 425, '1234', '1980-03-15', 425, 12, 113, 0, 1, '', '', '0000-00-00', '00:00:00.000000', 0, NULL),
(426, 'FRANCISCA DE SOUZA', 2147483647, 426, '1234', '1980-03-16', 426, 12, 117, 0, 1, '', '', '0000-00-00', '00:00:00.000000', 0, NULL),
(427, 'GABRIELA CRISTINA DA ROCHA', 2147483647, 427, '1234', '1980-03-17', 427, 12, 112, 0, 1, '', '', '0000-00-00', '00:00:00.000000', 0, NULL),
(428, 'GABRIELA PAOLILLO ALONSO', 2147483647, 428, '1234', '1980-03-18', 428, 12, 117, 0, 1, '', '', '0000-00-00', '00:00:00.000000', 0, NULL),
(429, 'GISELE ALVES BARROS FONTES', 2147483647, 429, '1234', '1980-03-19', 429, 12, 106, 0, 1, '', '', '0000-00-00', '00:00:00.000000', 0, NULL),
(430, 'GISELE APARECIDA MAIA FERREIRA', 2147483647, 430, '1234', '1980-03-20', 430, 12, 112, 0, 1, '', '', '0000-00-00', '00:00:00.000000', 0, NULL),
(431, 'GISLENE DE FÁTIMA MAIA FERREIRA', 2147483647, 431, '1234', '1980-03-21', 431, 12, 112, 0, 1, '', '', '0000-00-00', '00:00:00.000000', 0, NULL),
(432, 'GLORIA MATRICARDI PEDROSO', 2147483647, 432, '1234', '1980-03-22', 432, 12, 115, 0, 1, '', '', '0000-00-00', '00:00:00.000000', 0, NULL),
(433, 'HELEN MATOS PINHEIRO DE ALMEIDA E SILVA', 2147483647, 433, '1234', '1980-03-23', 433, 12, 108, 0, 1, '', '', '0000-00-00', '00:00:00.000000', 0, NULL),
(434, 'HELENA APARECIDA ACIOLI SOBRAL', 2147483647, 434, '1234', '1980-03-24', 434, 12, 159, 0, 1, '', '', '0000-00-00', '00:00:00.000000', 0, NULL),
(435, 'HELIA MARIA DE MEDEIROS POMPIANI ', 2147483647, 435, '1234', '1980-03-25', 435, 12, 120, 0, 1, '', '', '0000-00-00', '00:00:00.000000', 0, NULL),
(436, 'HORTÊNCIA DE SOUZA FONSECA LEME', 2147483647, 436, '1234', '1980-03-26', 436, 12, 120, 0, 1, '', '', '0000-00-00', '00:00:00.000000', 0, NULL),
(437, 'IDA MARINA SALVETTI', 2147483647, 437, '1234', '1980-03-27', 437, 12, 117, 0, 1, '', '', '0000-00-00', '00:00:00.000000', 0, NULL),
(438, 'INES GONÇALVES DIAS SILVA', 2147483647, 438, '1234', '1980-03-28', 438, 12, 104, 0, 1, '', '', '0000-00-00', '00:00:00.000000', 0, NULL),
(439, 'ISABEL APARECIDA DE MORAES', 2147483647, 439, '1234', '1980-03-29', 439, 12, 106, 0, 1, '', '', '0000-00-00', '00:00:00.000000', 0, NULL),
(440, 'ISABEL CRISTINA PEZZOTTA GONÇALVES', 2147483647, 440, '1234', '1980-03-30', 440, 12, 159, 0, 1, '', '', '0000-00-00', '00:00:00.000000', 0, NULL),
(441, 'JHULLYE KARINE BARTELI', 2147483647, 441, '1234', '1980-03-31', 441, 12, 106, 0, 1, '', '', '0000-00-00', '00:00:00.000000', 0, NULL),
(442, 'JOANA LUZIA GOMES', 2147483647, 442, '1234', '1980-04-01', 442, 12, 117, 0, 1, '', '', '0000-00-00', '00:00:00.000000', 0, NULL),
(443, 'JOSIE RAFAELA PEREIRA LEAL ', 2147483647, 443, '1234', '1980-04-02', 443, 12, 106, 0, 1, '', '', '0000-00-00', '00:00:00.000000', 0, NULL),
(444, 'JOSILENE GRINHOLLI ALVES', 2147483647, 444, '1234', '1980-04-03', 444, 12, 120, 0, 1, '', '', '0000-00-00', '00:00:00.000000', 0, NULL),
(445, 'JOZE VIEIRA RIBEIRO', 2147483647, 445, '1234', '1980-04-04', 445, 12, 120, 0, 1, '', '', '0000-00-00', '00:00:00.000000', 0, NULL),
(446, 'JULIANA DO ESPIRITO SANTO CÓSER', 2147483647, 446, '1234', '1980-04-05', 446, 12, 111, 0, 1, '', '', '0000-00-00', '00:00:00.000000', 0, NULL),
(447, 'JULIANA SANTOS DA SILVA', 2147483647, 447, '1234', '1980-04-06', 447, 12, 121, 0, 1, '', '', '0000-00-00', '00:00:00.000000', 0, NULL),
(448, 'KAROLINE MELEIRO DO NASCIMENTO', 2147483647, 448, '1234', '1980-04-07', 448, 12, 159, 0, 1, '', '', '0000-00-00', '00:00:00.000000', 0, NULL),
(449, 'KATIA REGINA JUSTO PEDROSO', 2147483647, 449, '1234', '1980-04-08', 449, 12, 116, 0, 1, '', '', '0000-00-00', '00:00:00.000000', 0, NULL),
(450, 'LARA SUEMI TOMIMATU', 2147483647, 450, '1234', '1980-04-09', 450, 12, 106, 0, 1, '', '', '0000-00-00', '00:00:00.000000', 0, NULL),
(451, 'LARISSA KARALKOVAS SILVA', 2147483647, 451, '1234', '1980-04-10', 451, 12, 159, 0, 1, '', '', '0000-00-00', '00:00:00.000000', 0, NULL),
(452, 'LAUDEMIR NUNES', 2147483647, 452, '1234', '1980-04-11', 452, 12, 112, 0, 1, '', '', '0000-00-00', '00:00:00.000000', 0, NULL),
(453, 'LAURA GENNY OLIVEIRA POLLANO', 2147483647, 453, '1234', '1980-04-12', 453, 12, 159, 0, 1, '', '', '0000-00-00', '00:00:00.000000', 0, NULL),
(454, 'LUCI DIAS CESAR', 2147483647, 454, '1234', '1980-04-13', 454, 12, 112, 0, 1, '', '', '0000-00-00', '00:00:00.000000', 0, NULL),
(455, 'LUCIANA MIDORI PEREIRA DOS SANTOS', 2147483647, 455, '1234', '1980-04-14', 455, 12, 101, 0, 1, '', '', '0000-00-00', '00:00:00.000000', 0, NULL),
(456, 'LUCIANA PAOLI DOS SANTOS', 2147483647, 456, '1234', '1980-04-15', 456, 12, 116, 0, 1, '', '', '0000-00-00', '00:00:00.000000', 0, NULL),
(457, 'LUCIANE DOS SANTOS PAOLILLO ', 2147483647, 457, '1234', '1980-04-16', 457, 12, 108, 0, 1, '', '', '0000-00-00', '00:00:00.000000', 0, NULL),
(458, 'MADALENA AMORIM ARONE', 2147483647, 458, '1234', '1980-04-17', 458, 12, 113, 0, 1, '', '', '0000-00-00', '00:00:00.000000', 0, NULL),
(459, 'MAGALI APARECIDA BARBOSA', 2147483647, 459, '1234', '1980-04-18', 459, 12, 110, 0, 1, '', '', '0000-00-00', '00:00:00.000000', 0, NULL),
(460, 'MAGDA RODRIGUES HIRAY', 2147483647, 460, '1234', '1980-04-19', 460, 12, 116, 0, 1, '', '', '0000-00-00', '00:00:00.000000', 0, NULL),
(461, 'MARCIA APARECIDA RODRIGUES HIRAY', 2147483647, 461, '1234', '1980-04-20', 461, 12, 121, 0, 1, '', '', '0000-00-00', '00:00:00.000000', 0, NULL),
(462, 'MÁRCIA JOSÉ DE PAIVA SILVESTRE', 2147483647, 462, '1234', '1980-04-21', 462, 12, 117, 0, 1, '', '', '0000-00-00', '00:00:00.000000', 0, NULL),
(463, 'MÁRCIA NOGUEIRA DA SILVA FERREIRA', 2147483647, 463, '1234', '1980-04-22', 463, 12, 159, 0, 1, '', '', '0000-00-00', '00:00:00.000000', 0, NULL),
(464, 'MARCIA RAMAZZINI DE MORAES', 2147483647, 464, '1234', '1980-04-23', 464, 12, 117, 0, 1, '', '', '0000-00-00', '00:00:00.000000', 0, NULL),
(465, 'MARCIA SILVA', 2147483647, 465, '1234', '1980-04-24', 465, 12, 115, 0, 1, '', '', '0000-00-00', '00:00:00.000000', 0, NULL),
(466, 'MARIA AIDA DE QUEIROZ SOLEIRA', 2147483647, 466, '1234', '1980-04-25', 466, 12, 106, 0, 1, '', '', '0000-00-00', '00:00:00.000000', 0, NULL),
(467, 'MARIA APARECIDA DE RAMOS', 2147483647, 467, '1234', '1980-04-26', 467, 12, 117, 0, 1, '', '', '0000-00-00', '00:00:00.000000', 0, NULL),
(468, 'MARIA DA CONCEIÇÃO VALENTE VIDAL', 2147483647, 468, '1234', '1980-04-27', 468, 12, 105, 0, 1, '', '', '0000-00-00', '00:00:00.000000', 0, NULL),
(469, 'MARIA DA GRAÇA COMPANHONI BENASSI', 2147483647, 469, '1234', '1980-04-28', 469, 12, 117, 0, 1, '', '', '0000-00-00', '00:00:00.000000', 0, NULL),
(470, 'MARIA DAS GRAÇAS SANTOS RODRIGUES', 2147483647, 470, '1234', '1980-04-29', 470, 12, 112, 0, 1, '', '', '0000-00-00', '00:00:00.000000', 0, NULL),
(471, 'MARIA DAUTA DE BARROS JESUS ', 2147483647, 471, '1234', '1980-04-30', 471, 12, 120, 0, 1, '', '', '0000-00-00', '00:00:00.000000', 0, NULL),
(472, 'MARIA DE LOURDES BIANQUINI', 2147483647, 472, '1234', '1980-05-01', 472, 12, 108, 0, 1, '', '', '0000-00-00', '00:00:00.000000', 0, NULL),
(473, 'MARIA DO CARMO ESPINHA', 2147483647, 473, '1234', '1980-05-02', 473, 12, 106, 0, 1, '', '', '0000-00-00', '00:00:00.000000', 0, NULL),
(474, 'MARIA FATIMA DE FREITAS', 2147483647, 474, '1234', '1980-05-03', 474, 12, 106, 0, 1, '', '', '0000-00-00', '00:00:00.000000', 0, NULL),
(475, 'MARIA JOSE DOS SANTOS ANUNCIATO', 2147483647, 475, '1234', '1980-05-04', 475, 12, 121, 0, 1, '', '', '0000-00-00', '00:00:00.000000', 0, NULL),
(476, 'MARIA LUCIA DA SILVA', 2147483647, 476, '1234', '1980-05-05', 476, 12, 112, 0, 1, '', '', '0000-00-00', '00:00:00.000000', 0, NULL),
(477, 'MARIANA PEREIRA ANJINHO DOS SANTOS', 2147483647, 477, '1234', '1980-05-06', 477, 12, 113, 0, 1, '', '', '0000-00-00', '00:00:00.000000', 0, NULL),
(478, 'MARIELI PEDROSO DE OLIVEIRA CARDOSO ', 2147483647, 478, '1234', '1980-05-07', 478, 12, 107, 0, 1, '', '', '0000-00-00', '00:00:00.000000', 0, NULL),
(479, 'MARILEIA MORESCHI DE MATOS PEREIRA', 2147483647, 479, '1234', '1980-05-08', 479, 12, 121, 0, 1, '', '', '0000-00-00', '00:00:00.000000', 0, NULL),
(480, 'MARILENE FERREIRA MEDEIROS PAES', 2147483647, 480, '1234', '1980-05-09', 480, 12, 113, 0, 1, '', '', '0000-00-00', '00:00:00.000000', 0, NULL),
(481, 'MARINES ADRIANA MIGUEL', 2147483647, 481, '1234', '1980-05-10', 481, 12, 120, 0, 1, '', '', '0000-00-00', '00:00:00.000000', 0, NULL),
(482, 'MARISA RODRIGUES PEREZ ABRÃO', 2147483647, 482, '1234', '1980-05-11', 482, 12, 109, 0, 1, '', '', '0000-00-00', '00:00:00.000000', 0, NULL),
(483, 'MARLENE APARECIDA DE LIMA FERREIRA', 2147483647, 483, '1234', '1980-05-12', 483, 12, 159, 0, 1, '', '', '0000-00-00', '00:00:00.000000', 0, NULL),
(484, 'MARTA ANGÉLICA FERRARI', 2147483647, 484, '1234', '1980-05-13', 484, 12, 118, 0, 1, '', '', '0000-00-00', '00:00:00.000000', 0, NULL),
(485, 'MILENE ALVES LEITE', 2147483647, 485, '1234', '1980-05-14', 485, 12, 118, 0, 1, '', '', '0000-00-00', '00:00:00.000000', 0, NULL),
(486, 'MIRIA EVANGELISTA PERPETUO', 2147483647, 486, '1234', '1980-05-15', 486, 12, 107, 0, 1, '', '', '0000-00-00', '00:00:00.000000', 0, NULL),
(487, 'MIRIAM DA ROCHA BARROS', 2147483647, 487, '1234', '1980-05-16', 487, 12, 105, 0, 1, '', '', '0000-00-00', '00:00:00.000000', 0, NULL),
(488, 'MIUCHA GABRIELA BORBA RODRIGUES PINTO', 2147483647, 488, '1234', '1980-05-17', 488, 12, 159, 0, 1, '', '', '0000-00-00', '00:00:00.000000', 0, NULL),
(489, 'MONA LIZA DOS SANTOS VERGUEIRO', 2147483647, 489, '1234', '1980-05-18', 489, 12, 116, 0, 1, '', '', '0000-00-00', '00:00:00.000000', 0, NULL),
(490, 'MÔNICA SPINHA GALAN', 2147483647, 490, '1234', '1980-05-19', 490, 12, 106, 0, 1, '', '', '0000-00-00', '00:00:00.000000', 0, NULL),
(491, 'NADIR FARIAS DA SILVEIRA', 2147483647, 491, '1234', '1980-05-20', 491, 12, 115, 0, 1, '', '', '0000-00-00', '00:00:00.000000', 0, NULL),
(492, 'NATALI ALVES BARROS LIRA ', 2147483647, 492, '1234', '1980-05-21', 492, 12, 159, 0, 1, '', '', '0000-00-00', '00:00:00.000000', 0, NULL),
(493, 'NATHALY GONÇALVES MACHADO', 2147483647, 493, '1234', '1980-05-22', 493, 12, 106, 0, 1, '', '', '0000-00-00', '00:00:00.000000', 0, NULL),
(494, 'NEIDE PARREIRA DOS SANTOS AZEVEDO', 2147483647, 494, '1234', '1980-05-23', 494, 12, 109, 0, 1, '', '', '0000-00-00', '00:00:00.000000', 0, NULL),
(495, 'NEIRAILDES SILVA ANDRADE', 2147483647, 495, '1234', '1980-05-24', 495, 12, 120, 0, 1, '', '', '0000-00-00', '00:00:00.000000', 0, NULL),
(496, 'NEISE MIKAIL DA LUZ DIEZ VECINO', 2147483647, 496, '1234', '1980-05-25', 496, 12, 117, 0, 1, '', '', '0000-00-00', '00:00:00.000000', 0, NULL),
(497, 'NEUSA MENDES DA ROCHA SILVA', 2147483647, 497, '1234', '1980-05-26', 497, 12, 121, 0, 1, '', '', '0000-00-00', '00:00:00.000000', 0, NULL),
(498, 'NOEMI ALVES MAGALHÃES', 2147483647, 498, '1234', '1980-05-27', 498, 12, 117, 0, 1, '', '', '0000-00-00', '00:00:00.000000', 0, NULL),
(499, 'NORILDA DE SOUZA SANTOS DA SILVA', 2147483647, 499, '1234', '1980-05-28', 499, 12, 159, 0, 1, '', '', '0000-00-00', '00:00:00.000000', 0, NULL),
(500, 'PATRICIA DAISY DA FONSECA', 2147483647, 500, '1234', '1980-05-29', 500, 12, 101, 0, 1, '', '', '0000-00-00', '00:00:00.000000', 0, NULL),
(501, 'PATRÍCIA LIMA ALVES', 2147483647, 501, '1234', '1980-05-30', 501, 12, 159, 0, 1, '', '', '0000-00-00', '00:00:00.000000', 0, NULL),
(502, 'PATRICIA MARIA CLARO DI GIULIO', 2147483647, 502, '1234', '1980-05-31', 502, 12, 120, 0, 1, '', '', '0000-00-00', '00:00:00.000000', 0, NULL),
(503, 'PATRICIA REGINA HERNANDES DELGADO MORALES DA ROSA', 2147483647, 503, '1234', '1980-06-01', 503, 12, 105, 0, 1, '', '', '0000-00-00', '00:00:00.000000', 0, NULL),
(504, 'PATRICIA ROCHA PEREIRA LEITE FERNANDES FARIA', 2147483647, 504, '1234', '1980-06-02', 504, 12, 159, 0, 1, '', '', '0000-00-00', '00:00:00.000000', 0, NULL),
(505, 'PATRICIA RODRIGUES CORDEIRO', 2147483647, 505, '1234', '1980-06-03', 505, 12, 120, 0, 1, '', '', '0000-00-00', '00:00:00.000000', 0, NULL),
(506, 'PATRICIA SOARES PEREIRA ABULEIZ', 2147483647, 506, '1234', '1980-06-04', 506, 12, 120, 0, 1, '', '', '0000-00-00', '00:00:00.000000', 0, NULL),
(507, 'PAULA CRISTINA COMITRE DE SOUZA', 2147483647, 507, '1234', '1980-06-05', 507, 12, 114, 0, 1, '', '', '0000-00-00', '00:00:00.000000', 0, NULL),
(508, 'REGINA ARAUJO DOS ANJOS', 2147483647, 508, '1234', '1980-06-06', 508, 12, 101, 0, 1, '', '', '0000-00-00', '00:00:00.000000', 0, NULL),
(509, 'RENATA APARECIDA DE ALMEIDA ANTUNES ', 2147483647, 509, '1234', '1980-06-07', 509, 12, 116, 0, 1, '', '', '0000-00-00', '00:00:00.000000', 0, NULL),
(510, 'RITA DE CASSIA BUENO ', 2147483647, 510, '1234', '1980-06-08', 510, 12, 121, 0, 1, '', '', '0000-00-00', '00:00:00.000000', 0, NULL),
(511, 'ROBERTA BRAGA MURACA', 2147483647, 511, '1234', '1980-06-09', 511, 12, 121, 0, 1, '', '', '0000-00-00', '00:00:00.000000', 0, NULL),
(512, 'ROSANA APARECIDA DE MORAES', 2147483647, 512, '1234', '1980-06-10', 512, 12, 113, 0, 1, '', '', '0000-00-00', '00:00:00.000000', 0, NULL),
(513, 'ROSANA TEIXEIRA DE CARVALHO', 2147483647, 513, '1234', '1980-06-11', 513, 12, 115, 0, 1, '', '', '0000-00-00', '00:00:00.000000', 0, NULL),
(514, 'ROSANGELA ANZOLINI GONÇALVES', 2147483647, 514, '1234', '1980-06-12', 514, 12, 116, 0, 1, '', '', '0000-00-00', '00:00:00.000000', 0, NULL),
(515, 'ROSANGELA DE PAULA SANTOS', 2147483647, 515, '1234', '1980-06-13', 515, 12, 114, 0, 1, '', '', '0000-00-00', '00:00:00.000000', 0, NULL),
(516, 'ROSELI GOMES SOARES', 2147483647, 516, '1234', '1980-06-14', 516, 12, 118, 0, 1, '', '', '0000-00-00', '00:00:00.000000', 0, NULL),
(517, 'ROSIANE DE JESUS ROCHA FORTES', 2147483647, 517, '1234', '1980-06-15', 517, 12, 110, 0, 1, '', '', '0000-00-00', '00:00:00.000000', 0, NULL),
(518, 'ROSILENE LINO DE MAGALHÃES ENTRINGER', 2147483647, 518, '1234', '1980-06-16', 518, 12, 112, 0, 1, '', '', '0000-00-00', '00:00:00.000000', 0, NULL),
(519, 'ROSINEIA GRANADO RODRIGUES', 2147483647, 519, '1234', '1980-06-17', 519, 12, 115, 0, 1, '', '', '0000-00-00', '00:00:00.000000', 0, NULL),
(520, 'RUBIA AZZINI', 2147483647, 520, '1234', '1980-06-18', 520, 12, 120, 0, 1, '', '', '0000-00-00', '00:00:00.000000', 0, NULL),
(521, 'SALMA VALERIA OLIVEIRA DE CAMARGO', 2147483647, 521, '1234', '1980-06-19', 521, 12, 111, 0, 1, '', '', '0000-00-00', '00:00:00.000000', 0, NULL),
(522, 'SANDRA REGINA MIQUELINI GONÇALVES', 2147483647, 522, '1234', '1980-06-20', 522, 12, 112, 0, 1, '', '', '0000-00-00', '00:00:00.000000', 0, NULL),
(523, 'SANDRA REGINA ZUMCKELLER DE CAMARGO', 2147483647, 523, '1234', '1980-06-21', 523, 12, 113, 0, 1, '', '', '0000-00-00', '00:00:00.000000', 0, NULL),
(524, 'SARA DE FREITAS SANTOS FERREIRA', 2147483647, 524, '1234', '1980-06-22', 524, 12, 121, 0, 1, '', '', '0000-00-00', '00:00:00.000000', 0, NULL),
(525, 'SEBASTIANA MIRANDA DA COSTA', 2147483647, 525, '1234', '1980-06-23', 525, 12, 112, 0, 1, '', '', '0000-00-00', '00:00:00.000000', 0, NULL),
(526, 'SELEN CRISTIANE SAMPAIO BRAZ', 2147483647, 526, '1234', '1980-06-24', 526, 12, 115, 0, 1, '', '', '0000-00-00', '00:00:00.000000', 0, NULL),
(527, 'SILVANA DE FATIMA REIS', 2147483647, 527, '1234', '1980-06-25', 527, 12, 107, 0, 1, '', '', '0000-00-00', '00:00:00.000000', 0, NULL),
(528, 'SILVANA MARIA MOIA BENASSI', 2147483647, 528, '1234', '1980-06-26', 528, 12, 115, 0, 1, '', '', '0000-00-00', '00:00:00.000000', 0, NULL),
(529, 'SIMONE MARAUS', 2147483647, 529, '1234', '1980-06-27', 529, 12, 104, 0, 1, '', '', '0000-00-00', '00:00:00.000000', 0, NULL),
(530, 'SIMONE SOLER TAVARES BATISTA', 2147483647, 530, '1234', '1980-06-28', 530, 12, 112, 0, 1, '', '', '0000-00-00', '00:00:00.000000', 0, NULL),
(531, 'SOLANGE APARECIDA GOMES', 2147483647, 531, '1234', '1980-06-29', 531, 12, 120, 0, 1, '', '', '0000-00-00', '00:00:00.000000', 0, NULL),
(532, 'SONIA CARDOSO ANDRADE DE CAMARGO', 2147483647, 532, '1234', '1980-06-30', 532, 12, 113, 0, 1, '', '', '0000-00-00', '00:00:00.000000', 0, NULL),
(533, 'SONIA MARIA MORAES ANUNCIATO HAAK RIBEIRO', 2147483647, 533, '1234', '1980-07-01', 533, 12, 115, 0, 1, '', '', '0000-00-00', '00:00:00.000000', 0, NULL),
(534, 'SONIA RIBEIRO DE CAMPOS', 2147483647, 534, '1234', '1980-07-02', 534, 12, 116, 0, 1, '', '', '0000-00-00', '00:00:00.000000', 0, NULL),
(535, 'SUELI CAVALHERI INACIO', 2147483647, 535, '1234', '1980-07-03', 535, 12, 159, 0, 1, '', '', '0000-00-00', '00:00:00.000000', 0, NULL),
(536, 'TALITA CRISTINA SÁ DAS NEVES', 2147483647, 536, '1234', '1980-07-04', 536, 12, 109, 0, 1, '', '', '0000-00-00', '00:00:00.000000', 0, NULL),
(537, 'TANIA BARBOSA CARLINI', 2147483647, 537, '1234', '1980-07-05', 537, 12, 112, 0, 1, '', '', '0000-00-00', '00:00:00.000000', 0, NULL),
(538, 'TANIA CRISTINA DOS SANTOS', 2147483647, 538, '1234', '1980-07-06', 538, 12, 159, 0, 1, '', '', '0000-00-00', '00:00:00.000000', 0, NULL),
(539, 'TANIA MARIA ANDRADE DE CAMARGO', 2147483647, 539, '1234', '1980-07-07', 539, 12, 115, 0, 1, '', '', '0000-00-00', '00:00:00.000000', 0, NULL),
(540, 'TATIANA APARECIDA SASTRE', 2147483647, 540, '1234', '1980-07-08', 540, 12, 105, 0, 1, '', '', '0000-00-00', '00:00:00.000000', 0, NULL),
(541, 'THAIS RENATA DE OLIVEIRA HOLANDA', 2147483647, 541, '1234', '1980-07-09', 541, 12, 159, 0, 1, '', '', '0000-00-00', '00:00:00.000000', 0, NULL),
(542, 'VANESSA APARECIDA DE MORAES', 2147483647, 542, '1234', '1980-07-10', 542, 12, 120, 0, 1, '', '', '0000-00-00', '00:00:00.000000', 0, NULL),
(543, 'VANIA APARECIDA DOS SANTOS DUARTE', 2147483647, 543, '1234', '1980-07-11', 543, 12, 104, 0, 1, '', '', '0000-00-00', '00:00:00.000000', 0, NULL),
(544, 'VERA APARECIDA MARIA', 2147483647, 544, '1234', '1980-07-12', 544, 12, 107, 0, 1, '', '', '0000-00-00', '00:00:00.000000', 0, NULL),
(545, 'VERA DE MORAES COPANI', 2147483647, 545, '1234', '1980-07-13', 545, 12, 111, 0, 1, '', '', '0000-00-00', '00:00:00.000000', 0, NULL),
(546, 'VERA LUCIA BARROS SANTANA', 2147483647, 546, '1234', '1980-07-14', 546, 12, 106, 0, 1, '', '', '0000-00-00', '00:00:00.000000', 0, NULL),
(547, 'VICTOR DOS SANTOS MORAES', 2147483647, 547, '1234', '1980-07-15', 547, 12, 159, 0, 1, '', '', '0000-00-00', '00:00:00.000000', 0, NULL),
(548, 'VIRGÍNIA FERNANDES PUERTA', 2147483647, 548, '1234', '1980-07-16', 548, 12, 117, 0, 1, '', '', '0000-00-00', '00:00:00.000000', 0, NULL);

-- --------------------------------------------------------

--
-- Estrutura da tabela `tb_usuario_externo`
--

CREATE TABLE `tb_usuario_externo` (
  `codigo` int(10) NOT NULL,
  `nome` varchar(100) NOT NULL,
  `cpf` varchar(20) NOT NULL,
  `pontuacao` int(3) NOT NULL,
  `cargo` int(3) NOT NULL,
  `escola` int(3) NOT NULL,
  `data` date NOT NULL,
  `status` int(3) DEFAULT '1'
) ENGINE=InnoDB DEFAULT CHARSET=utf8;

--
-- Extraindo dados da tabela `tb_usuario_externo`
--

INSERT INTO `tb_usuario_externo` (`codigo`, `nome`, `cpf`, `pontuacao`, `cargo`, `escola`, `data`, `status`) VALUES
(0, 'ÉRIKA REGINA XAVIER DE AGUIAR', '20060090010', 10, 15, 159, '1979-01-25', 1),
(11, 'ADRIANA REGINA LOTTO', '20060090011', 11, 15, 159, '1979-01-26', 1),
(12, 'JEANE APARECIDA DO PRADO SANI', '20060090012', 12, 15, 159, '1979-01-27', 1),
(13, 'MABEL SCOPARO FERREIRA CHALUPPE', '20060090013', 13, 15, 119, '1979-01-28', 1),
(14, 'PRISCILA KELIN DE OLIVEIRA RADLOCZKY', '20060090014', 14, 15, 118, '1979-01-29', 1),
(15, 'REGINA INES CASTILHO MOULARD', '20060090015', 15, 15, 119, '1979-01-30', 1),
(16, 'ALESSANDRA GRILLO SANTOS', '20060090016', 16, 15, 107, '1979-01-31', 1),
(17, 'ANA LUCIA FERREIRA CHICOLI DE SÁ', '20060090017', 17, 15, 119, '1979-02-01', 1),
(18, 'CLIMERIA LIMA DOS SANTOS SOUSA', '20060090018', 18, 15, 159, '1979-02-02', 1),
(19, 'SIMONE APARECIDA CARVALHO FRANÇA', '20060090019', 19, 15, 121, '1979-02-03', 1),
(20, 'SOLANGE ESTEVES GODINHO', '20060090020', 20, 15, 121, '1979-02-04', 1),
(21, 'VANÉIA MEDINA DA TRINDADE ', '20060090021', 21, 15, 121, '1979-02-05', 1),
(22, 'ADAILSON BRUM PIMENTA', '20060090022', 22, 15, 112, '1979-02-06', 1),
(23, 'BRUNA APARECIDA NUNES MARTINS', '20060090023', 23, 15, 159, '1979-02-07', 1),
(24, 'DANIELLE APARECIDA GODINHO KAAM', '20060090024', 24, 15, 111, '1979-02-08', 1),
(25, 'FABIANA SILVEIRA VIEIRA', '20060090025', 25, 15, 102, '1979-02-09', 1),
(26, 'GIANE VIDAL DOVAL DOS SANTOS', '20060090026', 26, 15, 110, '1979-02-10', 1),
(27, 'KLEBER MESQUITA GOMES', '20060090027', 27, 15, 159, '1979-02-11', 1),
(28, 'LILIAN MESQUITA GOMES', '20060090028', 28, 15, 120, '1979-02-12', 1),
(29, 'PAULO PEREIRA DE ALMEIDA', '20060090029', 29, 15, 120, '1979-02-13', 1),
(30, 'RENAN ERNANDES DA SILVA', '20060090030', 30, 15, 159, '1979-02-14', 1),
(31, 'ÂNGELA DE JESUS ROSA', '20060090031', 31, 15, 159, '1979-02-15', 1),
(32, 'FERNANDA CECCONI', '20060090032', 32, 15, 108, '1979-02-16', 1),
(33, 'JOSÉ AIRTON SANTANA BARBOSA', '20060090033', 33, 15, 105, '1979-02-17', 1),
(34, 'VIVIANI BENEDITA MADUREIRA ARRUDA', '20060090034', 34, 15, 159, '1979-02-18', 1),
(35, 'CRISTIANO RODRIGUES ALVES VALENTE', '20060090035', 35, 15, 159, '1979-02-19', 1),
(36, 'GABRIELA CRISTINA DA ROCHA', '20060090036', 36, 15, 113, '1979-02-20', 1),
(37, 'LEIZA MARIA PEREIRA DIOGO JUSTO', '20060090037', 37, 15, 113, '1979-02-21', 1),
(38, 'SERGIO HENRIQUE MOREIRA', '20060090038', 38, 15, 159, '1979-02-22', 1),
(39, 'KATLIN CERESO COSTA', '20060090039', 39, 15, 159, '1979-02-23', 1),
(40, 'LEANDRO MOURA DOS SANTOS', '20060090040', 40, 15, 159, '1979-02-24', 1),
(41, 'VICENTE MOREIRA DE ATAÍDE', '20060090041', 41, 15, 159, '1979-02-25', 1),
(42, 'CARLA APARECIDA FERREIRA', '20060090042', 42, 15, 159, '1979-02-26', 1),
(43, 'CATIA APARECIDA JUSTO DOS SANTOS', '20060090043', 43, 15, 116, '1979-02-27', 1),
(44, 'CELSO DE OLIVEIRA SIMON', '20060090044', 44, 15, 120, '1979-02-28', 1),
(45, 'CLAUDIOMARA LIMA CHAVES RODRIGUES', '20060090045', 45, 15, 102, '1979-03-01', 1),
(46, 'CRISTIANE TEIXEIRA', '20060090046', 46, 15, 112, '1979-03-02', 1),
(47, 'ELMA FERREIRA DA ROCHA CELEDON ESPINOZA', '20060090047', 47, 15, 119, '1979-03-03', 1),
(48, 'IVÂNIA MOREIRA GUEDES ', '20060090048', 48, 15, 116, '1979-03-04', 1),
(49, 'JANIA AMADO RODRIGUES DELLA DEA', '20060090049', 49, 15, 112, '1979-03-05', 1),
(50, 'LUANA MARIA FERREIRA FERNANDES', '20060090050', 50, 15, 159, '1979-03-06', 1),
(51, 'MARIA CRISTINA RODRIGUES', '20060090051', 51, 15, 159, '1979-03-07', 1),
(52, 'MAURINA LUCIA FERREIRA BARBOSA', '20060090052', 52, 15, 159, '1979-03-08', 1),
(53, 'NEIDE FLORENCIO PINTO RUIVO', '20060090053', 53, 15, 159, '1979-03-09', 1),
(54, 'RAQUEL ARAUJO CORREIA', '20060090054', 54, 15, 102, '1979-03-10', 1),
(55, 'ROSANA ALVES DE JESUS VIANA', '20060090055', 55, 15, 107, '1979-03-11', 1),
(56, 'SANDRA RITA TAGLIASACHI', '20060090056', 56, 15, 108, '1979-03-12', 1),
(57, 'VERA LUCIA APARECIDA PIRES DOMINGUES', '20060090057', 57, 15, 109, '1979-03-13', 1),
(58, 'VERA LUCIA BAHIA DE OLIVEIRA', '20060090058', 58, 15, 109, '1979-03-14', 1),
(59, 'VERA LUCIA GODINHO DIAS', '20060090059', 59, 15, 101, '1979-03-15', 1),
(60, 'VERONICA SPINHA GALAN', '20060090060', 60, 15, 102, '1979-03-16', 1),
(61, 'ALEX SANDRO SENA DA ROCHA', '20060090061', 61, 15, 159, '1979-03-17', 1),
(62, 'LEANDRO SILVIO KATZER REZENDE MACIEL', '20060090062', 62, 15, 105, '1979-03-18', 1),
(63, 'MARCOS ALEXANDRE GALLI', '20060090063', 63, 15, 159, '1979-03-19', 1),
(64, 'ADELINA DOS SANTOS', '20060090064', 64, 14, 105, '1979-03-20', 1),
(65, 'ADRIANA DE CASSIA GARCIA', '20060090065', 65, 14, 159, '1979-03-21', 1),
(66, 'ANA PAULA DE CARLA BUSSADORI', '20060090066', 66, 14, 103, '1979-03-22', 1),
(67, 'ANA PAULA TOLEDO DA SILVA BUZINELLI', '20060090067', 67, 14, 159, '1979-03-23', 1),
(68, 'ANA ROSA FONSECA', '20060090068', 68, 14, 111, '1979-03-24', 1),
(69, 'ANDREA CRISTINA DA CONCEIÇÃO BROSSA', '20060090069', 69, 14, 115, '1979-03-25', 1),
(70, 'ANDREIA VIEIRA DE OLIVEIRA', '20060090070', 70, 14, 120, '1979-03-26', 1),
(71, 'BERNADETE APARECIDA SIMÕES', '20060090071', 71, 14, 120, '1979-03-27', 1),
(72, 'CAROLINA RODRIGUES PEREZ ABRÃO', '20060090072', 72, 14, 120, '1979-03-28', 1),
(73, 'CELMARA DE ALCÂNTARA OLIVEIRA', '20060090073', 73, 14, 117, '1979-03-29', 1),
(74, 'CILENE CRISTINA BOZOKY', '20060090074', 74, 14, 112, '1979-03-30', 1),
(75, 'CLARA LUIZA DE OLIVEIRA SANTOS', '20060090075', 75, 14, 159, '1979-03-31', 1),
(76, 'DARLENE APARECIDA DE CAMARGO', '20060090076', 76, 14, 159, '1979-04-01', 1),
(77, 'DEBORA CRISTINA DO PRADO RODRIGUES ', '20060090077', 77, 14, 120, '1979-04-02', 1),
(78, 'DIANA CRISTINA DE MENEZES SOUZA SILVA', '20060090078', 78, 14, 113, '1979-04-03', 1),
(79, 'ELENILDA FORTUNATO DOS SANTOS', '20060090079', 79, 14, 159, '1979-04-04', 1),
(80, 'ELISABETE DE SOUZA RODRIGUES', '20060090080', 80, 14, 159, '1979-04-05', 1),
(81, 'ELISANGELA CRISTINA ROQUE', '20060090081', 81, 14, 106, '1979-04-06', 1),
(82, 'ELISÂNGELA MODESTO RODRIGUES DE OLIVEIRA', '20060090082', 82, 14, 108, '1979-04-07', 1),
(83, 'ERIKA APARECIDA BONELLA ARAUJO', '20060090083', 83, 14, 159, '1979-04-08', 1),
(84, 'FABIA REGINA DA CUNHA CELESTINO DE ARAUJO', '20060090084', 84, 14, 116, '1979-04-09', 1),
(85, 'FABIANA APARECIDA DOS SANTOS ROCHA', '20060090085', 85, 14, 159, '1979-04-10', 1),
(86, 'FERNANDA ALVES BITENCOURT', '20060090086', 86, 14, 120, '1979-04-11', 1),
(87, 'GILSÉIA GARCIA VIEIRA CARDOSO', '20060090087', 87, 14, 159, '1979-04-12', 1),
(88, 'HORTÊNCIA GOUVEIA DE ALMEIDA', '20060090088', 88, 14, 159, '1979-04-13', 1),
(89, 'INES GONÇALVES DIAS SILVA', '20060090089', 89, 14, 110, '1979-04-14', 1),
(90, 'JULIANA DA SILVA', '20060090090', 90, 14, 121, '1979-04-15', 1),
(91, 'JULIANA MARQUES DE OLIVEIRA', '20060090091', 91, 14, 121, '1979-04-16', 1),
(92, 'LUCIA APARECIDA FERREIRA', '20060090092', 92, 14, 101, '1979-04-17', 1),
(93, 'LUCIA TENORIO DIAS', '20060090093', 93, 14, 159, '1979-04-18', 1),
(94, 'LUCIANA CRISTINA DE GÓES MOROTTI', '20060090094', 94, 14, 159, '1979-04-19', 1),
(95, 'LUCIANA GODINHO', '20060090095', 95, 14, 121, '1979-04-20', 1),
(96, 'LUCIANA REGINA DO ESPIRITO SANTO KARAS', '20060090096', 96, 14, 118, '1979-04-21', 1),
(97, 'LUCIANE DA COSTA BARBOSA ', '20060090097', 97, 14, 159, '1979-04-22', 1),
(98, 'LUDMILA DE JESUS CAMARGO DA SILVA', '20060090098', 98, 14, 159, '1979-04-23', 1),
(99, 'LUZINETE ARMINDA DOS SANTOS', '20060090099', 99, 14, 106, '1979-04-24', 1),
(100, 'MARCIA SILVA', '20060090100', 100, 14, 112, '1979-04-25', 1),
(101, 'MARIA APARECIDA DA SILVA LIMA', '20060090101', 101, 14, 115, '1979-04-26', 1),
(102, 'MARIA AUXILIADORA CASTRO SOUZA', '20060090102', 102, 14, 117, '1979-04-27', 1),
(103, 'MARIA DE LOURDES DA SILVA FLORENTINO', '20060090103', 103, 14, 103, '1979-04-28', 1),
(104, 'MARIA DIVINA ANTONIO DA CRUZ ', '20060090104', 104, 14, 107, '1979-04-29', 1),
(105, 'MARLI ALVES DOS SANTOS', '20060090105', 105, 14, 107, '1979-04-30', 1),
(106, 'MARLI AMALIA DA SILVA MELO SALVADEGO', '20060090106', 106, 14, 159, '1979-05-01', 1),
(107, 'NEUMA MARIA PAULINO DE LIMA', '20060090107', 107, 14, 113, '1979-05-02', 1),
(108, 'NILDA PEREIRA LOPES', '20060090108', 108, 14, 109, '1979-05-03', 1),
(109, 'PATRICIA DE FATIMA PEREIRA', '20060090109', 109, 14, 111, '1979-05-04', 1),
(110, 'PATRICIA DE MORAES CONCEICAO GONCALVES', '20060090110', 110, 14, 159, '1979-05-05', 1),
(111, 'RENATO DA SILVA FERREIRA', '20060090111', 111, 14, 112, '1979-05-06', 1),
(112, 'ROBERTA DIAS BEDRAN', '20060090112', 112, 14, 106, '1979-05-07', 1),
(113, 'ROSANA TEIXEIRA DE CARVALHO', '20060090113', 113, 14, 115, '1979-05-08', 1),
(114, 'ROSEMEIRE VIEIRA COBELLO', '20060090114', 114, 14, 115, '1979-05-09', 1),
(115, 'SANDRA REGINA CONSTANTINO ZUCCARI', '20060090115', 115, 14, 121, '1979-05-10', 1),
(116, 'SIMONE APARECIDA DA SILVA CRUZ', '20060090116', 116, 14, 121, '1979-05-11', 1),
(117, 'SIMONE SOARES DE OLIVEIRA', '20060090117', 117, 14, 108, '1979-05-12', 1),
(118, 'SOLANGE DA PENHA MORAES GODINHO', '20060090118', 118, 14, 159, '1979-05-13', 1),
(119, 'SONIA REGINA DA ROCHA', '20060090119', 119, 14, 159, '1979-05-14', 1),
(120, 'STEPHANIE SOUSA DA SIVA', '20060090120', 120, 14, 159, '1979-05-15', 1),
(121, 'TAIS DE JESUS PIRES DA SILVA', '20060090121', 121, 14, 159, '1979-05-16', 1),
(122, 'TANIA CRISTINA DOS SANTOS', '20060090122', 122, 14, 159, '1979-05-17', 1),
(123, 'TATIANE DE OLIVEIRA ASSIS', '20060090123', 123, 14, 105, '1979-05-18', 1),
(124, 'VALÉRIA DO CARMO MENDES ALVES', '20060090124', 124, 14, 116, '1979-05-19', 1),
(125, 'VIRGÍNIA FERNANDES PUERTA', '20060090125', 125, 14, 159, '1979-05-20', 1),
(126, 'VIVIAN MIDORI IMADA DE MORAES', '20060090126', 126, 14, 121, '1979-05-21', 1),
(127, 'VIVIANE CRISTINA PEREIRA DE CAMARGO', '20060090127', 127, 14, 109, '1979-05-22', 1),
(128, 'ZILDA APARECIDA RODRIGUES RUIVO', '20060090128', 128, 14, 159, '1979-05-23', 1),
(129, 'AMANDA SOBRAL MENDES', '20060090129', 129, 9, 108, '1979-05-24', 1),
(130, 'EDVALDO DE OLIVEIRA SANTOS', '20060090130', 130, 9, 109, '1979-05-25', 1),
(131, 'ELIANE DIAS DE OLIVEIRA', '20060090131', 131, 9, 119, '1979-05-26', 1),
(132, 'FERNANDA PENTEADO RULLI SILVEIRA', '20060090132', 132, 9, 112, '1979-05-27', 1),
(133, 'JANDYR ALIRIO SOARES', '20060090133', 133, 9, 105, '1979-05-28', 1),
(134, 'MARCO AURELIO LESSA PALACIO (MARIANA LESSA)', '20060090134', 134, 9, 116, '1979-05-29', 1),
(135, 'MARIA YOSHICO SAKAHARA HANAZUMI', '20060090135', 135, 9, 102, '1979-05-30', 1),
(136, 'NEUZA MARIA GARCIA', '20060090136', 136, 9, 113, '1979-05-31', 1),
(137, 'REGINA RODRIGUES DE FIGUEIREDO', '20060090137', 137, 9, 120, '1979-06-01', 1),
(138, 'RENATA DE OLIVEIRA ASSENCIO DUTRA', '20060090138', 138, 9, 121, '1979-06-02', 1),
(139, 'ROSEMEIRE VIEIRA DE GOES', '20060090139', 139, 9, 107, '1979-06-03', 1),
(140, 'ROSIANI SOARES MAZZARO', '20060090140', 140, 9, 101, '1979-06-04', 1),
(141, 'SORAIA REGINA LOURENÇON', '20060090141', 141, 9, 159, '1979-06-05', 1),
(142, 'THAÍS HELENA DE TOLEDO', '20060090142', 142, 9, 119, '1979-06-06', 1),
(143, 'ADROALDO ANTONIO ALVES', '20060090143', 143, 5, 119, '1979-06-07', 1),
(144, 'ALINE APARECIDA EUSEBIO', '20060090144', 144, 5, 108, '1979-06-08', 1),
(145, 'AMABILE COBELLO PANNELLINI', '20060090145', 145, 5, 121, '1979-06-09', 1),
(146, 'AMAURI RAMOS CARDOSO', '20060090146', 146, 5, 107, '1979-06-10', 1),
(147, 'ANDREA APARECIDA DA SILVA SAEKI', '20060090147', 147, 5, 119, '1979-06-11', 1),
(148, 'ANDRÉA CHRISPIM LOPES FREIRE', '20060090148', 148, 5, 112, '1979-06-12', 1),
(149, 'CARLA GISELE DA SILVA BRUNO', '20060090149', 149, 5, 113, '1979-06-13', 1),
(150, 'FLAVIO LACERDA DO NASCIMENTO', '20060090150', 150, 5, 110, '1979-06-14', 1),
(151, 'JACKSON DIAS NUNES', '20060090151', 151, 5, 102, '1979-06-15', 1),
(152, 'LUCIANA CLAUDIA RIBEIRO', '20060090152', 152, 5, 111, '1979-06-16', 1),
(153, 'MARIA LUCIA DZIN PEDROSO', '20060090153', 153, 5, 120, '1979-06-17', 1),
(154, 'MARISA VITALE DA SILVA', '20060090154', 154, 5, 116, '1979-06-18', 1),
(155, 'MAURICIO APARECIDO DE OLIVEIRA', '20060090155', 155, 5, 109, '1979-06-19', 1),
(156, 'RENATO SANTINELLI ROCHA', '20060090156', 156, 5, 102, '1979-06-20', 1),
(157, 'RODOLFO SCOPARO FERREIRA ', '20060090157', 157, 5, 159, '1979-06-21', 1),
(158, 'SERGIO AUGUSTO SETTER', '20060090158', 158, 5, 102, '1979-06-22', 1),
(159, 'TEODORO GABRIEL VIEIRA NETO', '20060090159', 159, 5, 101, '1979-06-23', 1),
(160, 'VERA LUCIA DUARTE', '20060090160', 160, 5, 105, '1979-06-24', 1),
(161, 'ADRIANA BONINI DOS SANTOS', '20060090161', 161, 8, 141, '1979-06-25', 1),
(162, 'ALEXANDRE RODRIGUES DE ALMEIDA', '20060090162', 162, 8, 110, '1979-06-26', 1),
(163, 'ALINE MICHELE FERNANDES GARCIA', '20060090163', 163, 8, 113, '1979-06-27', 1),
(164, 'ARIOVALDO SILVESTRE PEDRO', '20060090164', 164, 8, 121, '1979-06-28', 1),
(165, 'ARISLÉIA DE NAZARÉ SANTOS', '20060090165', 165, 8, 113, '1979-06-29', 1),
(166, 'BRAZ CASTILHO FOGAÇA', '20060090166', 166, 8, 111, '1979-06-30', 1),
(167, 'CARLOS AUGUSTO VIEIRA', '20060090167', 167, 8, 120, '1979-07-01', 1),
(168, 'CECILIA DE OLIVEIRA PRESTES TRUJILO', '20060090168', 168, 8, 108, '1979-07-02', 1),
(169, 'CELSO CELESTINO', '20060090169', 169, 8, 120, '1979-07-03', 1),
(170, 'CESAR GAMA DA CONCEIÇÃO', '20060090170', 170, 8, 103, '1979-07-04', 1),
(171, 'CILENE GISELE SILVA', '20060090171', 171, 8, 102, '1979-07-05', 1),
(172, 'CLAUDIA REGINA MARTINS LELLIS', '20060090172', 172, 8, 121, '1979-07-06', 1),
(173, 'CRISTIANE STEFANI SANTANGELO ', '20060090173', 173, 8, 140, '1979-07-07', 1),
(174, 'DANIELA NUNES DE MORAES', '20060090174', 174, 8, 116, '1979-07-08', 1),
(175, 'DANIELE RODRIGUES DE CAMARGO', '20060090175', 175, 8, 107, '1979-07-09', 1),
(176, 'DIEGO DOUGLAS DA CRUZ PEREIRA', '20060090176', 176, 8, 116, '1979-07-10', 1),
(177, 'EDMILTON APARECIDO DE SOUZA', '20060090177', 177, 8, 129, '1979-07-11', 1),
(178, 'FABIANA SILVEIRA VIEIRA', '20060090178', 178, 8, 112, '1979-07-12', 1),
(179, 'FAUSTO TADEU DE MATOS NUNES', '20060090179', 179, 8, 104, '1979-07-13', 1),
(180, 'GEANE DA CONCEICAO', '20060090180', 180, 8, 119, '1979-07-14', 1),
(181, 'HELENA MARIA ALVES SOARES', '20060090181', 181, 8, 112, '1979-07-15', 1),
(182, 'HELENAYNA DOS SANTOS VIRGILATO', '20060090182', 182, 8, 109, '1979-07-16', 1),
(183, 'HUDSON SAMPAIO D\'OLIVEIRA', '20060090183', 183, 8, 101, '1979-07-17', 1),
(184, 'JAILTON NUNES DE ALMEIDA', '20060090184', 184, 8, 115, '1979-07-18', 1),
(185, 'JANETE SILVA AMANCIO  ', '20060090185', 185, 8, 109, '1979-07-19', 1),
(186, 'JESSICA MARINA DIAS ANSELMO', '20060090186', 186, 8, 120, '1979-07-20', 1),
(187, 'JOÃO PAULO JANUÁRIO', '20060090187', 187, 8, 116, '1979-07-21', 1),
(188, 'JOSÉ AFONSO GODOI DE AMORIM', '20060090188', 188, 8, 112, '1979-07-22', 1),
(189, 'JULIANA RODRIGUES FERNANDES', '20060090189', 189, 8, 121, '1979-07-23', 1),
(190, 'LELIO JOSE COSTA', '20060090190', 190, 8, 101, '1979-07-24', 1),
(191, 'LEODIR FRANCISCO RIBEIRO', '20060090191', 191, 8, 107, '1979-07-25', 1),
(192, 'LUCIANA APARECIDA HUHN', '20060090192', 192, 8, 109, '1979-07-26', 1),
(193, 'LUIZ GUSTAVO CARRASCO DE MARCO', '20060090193', 193, 8, 117, '1979-07-27', 1),
(194, 'MARCELO BALBINO RODRIGUES', '20060090194', 194, 8, 101, '1979-07-28', 1),
(195, 'MARCOS ROBERTO NOGGERINI', '20060090195', 195, 8, 102, '1979-07-29', 1),
(196, 'MARIA DE LOURDES CARLINI SILVEIRA', '20060090196', 196, 8, 105, '1979-07-30', 1),
(197, 'MARLUCI IZAURA PEREIRA', '20060090197', 197, 8, 159, '1979-07-31', 1),
(198, 'MILENA ALLIEN M. DE SOUZA', '20060090198', 198, 8, 155, '1979-08-01', 1),
(199, 'OSVALDO DIAS DE SOUSA', '20060090199', 199, 8, 114, '1979-08-02', 1),
(200, 'PETERSON MIRANDA DA COSTA', '20060090200', 200, 8, 117, '1979-08-03', 1),
(201, 'PRISCILA APARECIDA DIAS PINTO SILVESTRE', '20060090201', 201, 8, 117, '1979-08-04', 1),
(202, 'PRISCILA MARIA DE SOUZA PAULA MARINHO ', '20060090202', 202, 8, 105, '1979-08-05', 1),
(203, 'RAFAEL LUCAS BARROS DE FREITAS', '20060090203', 203, 8, 120, '1979-08-06', 1),
(204, 'REJANE APARECIDA VICENTE DA SILVA ALMEIDA', '20060090204', 204, 8, 112, '1979-08-07', 1),
(205, 'RENATA FRATI RODRIGUES ALVES', '20060090205', 205, 8, 106, '1979-08-08', 1),
(206, 'RENATO MENDES DA SILVA', '20060090206', 206, 8, 119, '1979-08-09', 1),
(207, 'RENATO TIBURCIO', '20060090207', 207, 8, 113, '1979-08-10', 1),
(208, 'RICARDO ALEXANDRE BARBOSA', '20060090208', 208, 8, 120, '1979-08-11', 1),
(209, 'ROBERTA MONIQUE MITSUMOTO', '20060090209', 209, 8, 106, '1979-08-12', 1),
(210, 'RODRIGO ALEXANDRE KAWAMURA', '20060090210', 210, 8, 158, '1979-08-13', 1),
(211, 'ROSANA LUCIANA DA SILVA VENANCIO', '20060090211', 211, 8, 106, '1979-08-14', 1),
(212, 'RUBENS DA SILVA OLIVEIRA', '20060090212', 212, 8, 123, '1979-08-15', 1),
(213, 'SILVANA DA SILVA RODRIGUES', '20060090213', 213, 8, 139, '1979-08-16', 1),
(214, 'SUSAN DE OLIVEIRA TORRES', '20060090214', 214, 8, 108, '1979-08-17', 1),
(215, 'VITOR ALVES LIMA SETTER', '20060090215', 215, 8, 108, '1979-08-18', 1),
(216, 'VIVIAN MESQUITA GOMES', '20060090216', 216, 8, 117, '1979-08-19', 1),
(217, 'WALDIR DE ALMEIDA LIMA JUNIOR', '20060090217', 217, 8, 118, '1979-08-20', 1),
(218, 'ADILSON DANIEL RUIZ', '20060090218', 218, 4, 111, '1979-08-21', 1),
(219, 'ADILSON JANUARIO DA SILVA', '20060090219', 219, 4, 107, '1979-08-22', 1),
(220, 'ANA CLAUDIA PILLER', '20060090220', 220, 4, 110, '1979-08-23', 1),
(221, 'ARNALDO AFONSO PINTO CHAVES', '20060090221', 221, 4, 119, '1979-08-24', 1),
(222, 'CARLA PATRICIA DE LIMA', '20060090222', 222, 4, 101, '1979-08-25', 1),
(223, 'CATIA REJANE DOS SANTOS DE OLIVEIRA', '20060090223', 223, 4, 112, '1979-08-26', 1),
(224, 'FABRICIA CRISTINA CERDEIRA', '20060090224', 224, 4, 113, '1979-08-27', 1),
(225, 'GENY JOSE GOMES PIETRANTONIO', '20060090225', 225, 4, 121, '1979-08-28', 1),
(226, 'JOSÉ RICARDO SANTOS', '20060090226', 226, 4, 112, '1979-08-29', 1),
(227, 'MARIA DE FATIMA DO MONTE HERNANDES', '20060090227', 227, 4, 119, '1979-08-30', 1),
(228, 'MARIA DE FATIMA NEGRO CABRAL', '20060090228', 228, 4, 102, '1979-08-31', 1),
(229, 'OSVALDO MOREIRA', '20060090229', 229, 4, 120, '1979-09-01', 1),
(230, 'RAQUEL MARIA DE ARRUDA', '20060090230', 230, 4, 102, '1979-09-02', 1),
(231, 'RENATA TORRES', '20060090231', 231, 4, 116, '1979-09-03', 1),
(232, 'RODRIGO FONTANELLI', '20060090232', 232, 4, 105, '1979-09-04', 1),
(233, 'VANESCA APARECIDA MARRERO GALLI', '20060090233', 233, 4, 108, '1979-09-05', 1),
(234, 'ADALBERTO ALVES DE PASSOS', '20060090234', 234, 3, 109, '1979-09-06', 1),
(235, 'ADILSON DOS SANTOS', '20060090235', 235, 3, 108, '1979-09-07', 1),
(236, 'ALTINO VALLANDRO', '20060090236', 236, 3, 107, '1979-09-08', 1),
(237, 'ANDERSOM LUIS DE BORBA', '20060090237', 237, 3, 120, '1979-09-09', 1),
(238, 'CÂNDIDO FRANCISCO DE CAMARGO', '20060090238', 238, 3, 102, '1979-09-10', 1),
(239, 'CARLOS HENRIQUE VENANCIO', '20060090239', 239, 3, 121, '1979-09-11', 1),
(240, 'EDUARDO SILVEIRA', '20060090240', 240, 3, 110, '1979-09-12', 1),
(241, 'ELIETE FATIMA PIRES DE ALBUQUERQUE FORTUNATO', '20060090241', 241, 3, 119, '1979-09-13', 1),
(242, 'FABIANA DE OLIVEIRA', '20060090242', 242, 3, 159, '1979-09-14', 1),
(243, 'FERNANDA VICTÓRIO', '20060090243', 243, 3, 159, '1979-09-15', 1),
(244, 'FRANCISCO DE ASSIS GABRIEL VIEIRA', '20060090244', 244, 3, 118, '1979-09-16', 1),
(245, 'JOSE FRANCISCO ZUMCKELLER DE CAMARGO ', '20060090245', 245, 3, 112, '1979-09-17', 1),
(246, 'JUAN VIANA FARALDO', '20060090246', 246, 3, 102, '1979-09-18', 1),
(247, 'MARCO AURELIO DONADON AFONSO SANTOS', '20060090247', 247, 3, 109, '1979-09-19', 1),
(248, 'MARISA BERNARDO MISAEL', '20060090248', 248, 3, 121, '1979-09-20', 1),
(249, 'MATHEUS DA SILVA', '20060090249', 249, 3, 105, '1979-09-21', 1),
(250, 'MAURICIO VOLCOV VIVEIROS', '20060090250', 250, 3, 120, '1979-09-22', 1),
(251, 'ROBERTO LUIZ VIEIRA PINTO', '20060090251', 251, 3, 111, '1979-09-23', 1),
(252, 'RODRIGO APARECIDO DE ARAUJO PEDROSO', '20060090252', 252, 3, 116, '1979-09-24', 1),
(253, 'SILVIA RAGUSA CHRISTIANO OLIVEIRA', '20060090253', 253, 3, 102, '1979-09-25', 1),
(254, 'VALERIA REGINA CAMPOS FRANCO', '20060090254', 254, 3, 119, '1979-09-26', 1),
(255, 'ALESSANDRA APARECIDA DE OLIVEIRA NASCIMENTO', '20060090255', 255, 7, 121, '1979-09-27', 1),
(256, 'CELSO DE OLIVEIRA SIMON', '20060090256', 256, 7, 120, '1979-09-28', 1),
(257, 'CLAUDIA COBELO', '20060090257', 257, 7, 111, '1979-09-29', 1),
(258, 'CRISTIANE MARTINS DE OLIVEIRA', '20060090258', 258, 7, 105, '1979-09-30', 1),
(259, 'FÁBIO NOGUEIRA KAAM', '20060090259', 259, 7, 108, '1979-10-01', 1),
(260, 'GENIVAL GARÁ JUNIOR', '20060090260', 260, 7, 116, '1979-10-02', 1),
(261, 'GERSON MORAIS DE SOUZA', '20060090261', 261, 7, 102, '1979-10-03', 1),
(262, 'IRINEU JOSE VOLTOLINI', '20060090262', 262, 7, 109, '1979-10-04', 1),
(263, 'ISABEL CRISTINA CAVICHIOLI BIANCHI', '20060090263', 263, 7, 113, '1979-10-05', 1),
(264, 'IVETE PEREIRA', '20060090264', 264, 7, 112, '1979-10-06', 1),
(265, 'JANAÍNA TRINDADE FIDÉLIS ALVES', '20060090265', 265, 7, 117, '1979-10-07', 1),
(266, 'MARCO ANTONIO MARTINS ESCOBAR', '20060090266', 266, 7, 102, '1979-10-08', 1),
(267, 'MARIA CRISTINA DE OLIVEIRA DE LIMA', '20060090267', 267, 7, 120, '1979-10-09', 1),
(268, 'NILZA OLIVEIRA DE MACEDO PITA', '20060090268', 268, 7, 110, '1979-10-10', 1),
(269, 'RAQUEL ARAUJO CORREIA', '20060090269', 269, 7, 119, '1979-10-11', 1),
(270, 'RONALDO FERRAS DE MORAES', '20060090270', 270, 7, 119, '1979-10-12', 1),
(271, 'SILVANA APARECIDA DOMINGUES', '20060090271', 271, 7, 101, '1979-10-13', 1),
(272, 'ANA LUCIA DEL SARTO DI GIROLAMO', '20060090272', 272, 6, 109, '1979-10-14', 1),
(273, 'ANA MARCIA ASSAD SALIM', '20060090273', 273, 6, 120, '1979-10-15', 1),
(274, 'ANDREA ONODY PELLIS', '20060090274', 274, 6, 102, '1979-10-16', 1),
(275, 'CAMMILA MIGUEL VIEIRA KOBAYASHI', '20060090275', 275, 6, 120, '1979-10-17', 1),
(276, 'CINTIA WATANABE AYUKAWA', '20060090276', 276, 6, 105, '1979-10-18', 1),
(277, 'DANIELE APARECIDA MARQUES DE LIMA', '20060090277', 277, 6, 116, '1979-10-19', 1),
(278, 'DENISE DE SOUZA CARREIRO RODRIGUES', '20060090278', 278, 6, 121, '1979-10-20', 1),
(279, 'ELIANE CRISTINA VIEIRA RIBEIRO', '20060090279', 279, 6, 101, '1979-10-21', 1),
(280, 'LARISSA DE FREITAS TELES', '20060090280', 280, 6, 159, '1979-10-22', 1),
(281, 'LEILA REIS DA SILVA', '20060090281', 281, 6, 121, '1979-10-23', 1),
(282, 'LIRIA DE FATIMA SILVA SABBATINI ', '20060090282', 282, 6, 112, '1979-10-24', 1),
(283, 'MARIA DOS SANTOS BRITO', '20060090283', 283, 6, 110, '1979-10-25', 1),
(284, 'MARILENE APARECIDA DE SOUZA', '20060090284', 284, 6, 159, '1979-10-26', 1),
(285, 'MICHELLE LETÍCIA BOTEGA BORGES', '20060090285', 285, 6, 113, '1979-10-27', 1),
(286, 'ROBSON DE SOUZA ANDRADE', '20060090286', 286, 6, 121, '1979-10-28', 1),
(287, 'ROSANA SILVA DE MACEDO', '20060090287', 287, 6, 102, '1979-10-29', 1),
(288, 'ROSANGELA LISETE CONTINI DE MORAES', '20060090288', 288, 6, 119, '1979-10-30', 1),
(289, 'SIMONE FERRAZ DE MORAES SANTOS ROSA', '20060090289', 289, 6, 119, '1979-10-31', 1),
(290, 'SUZI LIE HIRASAKA DA SILVA', '20060090290', 290, 6, 107, '1979-11-01', 1),
(291, 'ALEXANDRE ROLIM SOARES', '20060090291', 291, 1, 101, '1979-11-02', 1),
(292, 'ANDRIA FRANCIELLY DA SILVA MOTA', '20060090292', 292, 1, 102, '1979-11-03', 1),
(293, 'ANTONIA MARTA DE ARRUDA ROSA', '20060090293', 293, 1, 113, '1979-11-04', 1),
(294, 'ARLETE MARIA SILVA SILVEIRA', '20060090294', 294, 1, 110, '1979-11-05', 1),
(295, 'CAROLINA DE GODOY', '20060090295', 295, 1, 102, '1979-11-06', 1),
(296, 'CLEONICE ANDRELA FEIJO SILVA', '20060090296', 296, 1, 112, '1979-11-07', 1),
(297, 'CLEONICE MARIA ANDRADE GONÇALVES', '20060090297', 297, 1, 112, '1979-11-08', 1),
(298, 'CLEUSA MARCONDES PEREIRA', '20060090298', 298, 1, 108, '1979-11-09', 1),
(299, 'DALVA REGINA DE OLIVEIRA FRANÇA', '20060090299', 299, 1, 107, '1979-11-10', 1),
(300, 'EDMA MACIEL TAVARES MAZINI', '20060090300', 300, 1, 118, '1979-11-11', 1),
(301, 'EDNA ALEXANDRE AGUIAR', '20060090301', 301, 1, 119, '1979-11-12', 1),
(302, 'FATIMA PEREIRA', '20060090302', 302, 1, 108, '1979-11-13', 1),
(303, 'FRANCISCO DE ASSIS FERNANDES', '20060090303', 303, 1, 105, '1979-11-14', 1),
(304, 'GLAUCIA REGINA DE CAMPOS CARVALHO', '20060090304', 304, 1, 121, '1979-11-15', 1),
(305, 'GLÁUCIA VALÉRIA GÓES SABBATINI', '20060090305', 305, 1, 159, '1979-11-16', 1),
(306, 'ISMAEL DOS SANTOS HERGESEL', '20060090306', 306, 1, 159, '1979-11-17', 1),
(307, 'JOCIMARA RODRIGUES DA SILVEIRA', '20060090307', 307, 1, 112, '1979-11-18', 1),
(308, 'LETIZIA APARECIDA CECCONI PEDROSO', '20060090308', 308, 1, 121, '1979-11-19', 1),
(309, 'MARCIA AGUIAR HERGESEL', '20060090309', 309, 1, 120, '1979-11-20', 1),
(310, 'MARCIA CRISTINA DA SILVA RODRIGUES DE ALMEIDA', '20060090310', 310, 1, 113, '1979-11-21', 1),
(311, 'MARCIA DA CONCEIÇÃO DA SILVA', '20060090311', 311, 1, 109, '1979-11-22', 1),
(312, 'MARIA APARECIDA COELHO', '20060090312', 312, 1, 107, '1979-11-23', 1),
(313, 'MARIA CECILIA ALVES DE MELLO SILVA', '20060090313', 313, 1, 120, '1979-11-24', 1),
(314, 'MARIA DE FATIMA PEREIRA', '20060090314', 314, 1, 120, '1979-11-25', 1),
(315, 'MARLI PEDRO DA COSTA', '20060090315', 315, 1, 159, '1979-11-26', 1),
(316, 'NUMA ROCCA ANGELO', '20060090316', 316, 1, 102, '1979-11-27', 1),
(317, 'RAQUEL ALVES DA SILVA', '20060090317', 317, 1, 120, '1979-11-28', 1),
(318, 'ROSANGELA LISETE CONTINI DE MORAES', '20060090318', 318, 1, 119, '1979-11-29', 1),
(319, 'ROSEMARY SILVA SANTOS', '20060090319', 319, 1, 109, '1979-11-30', 1),
(320, 'ROSEMEIRE DE CASSIA PEREIRA', '20060090320', 320, 1, 102, '1979-12-01', 1),
(321, 'SARA ANTUNES TOTH FERREIRA', '20060090321', 321, 1, 111, '1979-12-02', 1),
(322, 'SHIRLEY SANCHES COBELLO LEME', '20060090322', 322, 1, 121, '1979-12-03', 1),
(323, 'SONIA APARECIDA MORAIS DOS SANTOS TOWNSEND', '20060090323', 323, 1, 119, '1979-12-04', 1),
(324, 'SUZANA MENDES DE QUEIRÓZ NUNES', '20060090324', 324, 1, 119, '1979-12-05', 1),
(325, 'TANIA ROSANGELA DE CARVALHO TEMPORIM', '20060090325', 325, 1, 113, '1979-12-06', 1),
(326, 'VANDERLEI MIGUEL', '20060090326', 326, 1, 110, '1979-12-07', 1),
(327, 'ANA CAROLINA DA SILVA PEREIRA', '20060090327', 327, 2, 107, '1979-12-08', 1),
(328, 'ANDRE LUIZ DE CAMARGO', '20060090328', 328, 2, 102, '1979-12-09', 1),
(329, 'ANDRE LUIZ FORTUNATO', '20060090329', 329, 2, 119, '1979-12-10', 1),
(330, 'CARLOS GUSTAVO MARCICANO ANTUNES', '20060090330', 330, 2, 139, '1979-12-11', 1),
(331, 'CLAUDIA REGINA GOMES', '20060090331', 331, 2, 109, '1979-12-12', 1),
(332, 'EDNA MARIA CARLOS', '20060090332', 332, 2, 102, '1979-12-13', 1),
(333, 'EDUARDO DA CRUZ', '20060090333', 333, 2, 112, '1979-12-14', 1),
(334, 'FABIANA DE LIMA FERRACINI BATISTA', '20060090334', 334, 2, 101, '1979-12-15', 1),
(335, 'FELIPPE CHALUPPE', '20060090335', 335, 2, 119, '1979-12-16', 1),
(336, 'HELENA BATISTA DOS SANTOS', '20060090336', 336, 2, 108, '1979-12-17', 1),
(337, 'HELGA LUISA BUENO BARBOZA', '20060090337', 337, 2, 113, '1979-12-18', 1),
(338, 'IRENE MACIEL CARDOSO', '20060090338', 338, 2, 118, '1979-12-19', 1),
(339, 'JOÃO WALTER TESSITORE', '20060090339', 339, 2, 105, '1979-12-20', 1),
(340, 'JUARI PEREIRA PRIMO', '20060090340', 340, 2, 109, '1979-12-21', 1),
(341, 'LUIZ CARLOS GODINHO DE ALMEIDA', '20060090341', 341, 2, 120, '1979-12-22', 1),
(342, 'LUIZA ALVES DE PONTES MARIANO', '20060090342', 342, 2, 116, '1979-12-23', 1),
(343, 'MARCELA DOS SANTOS DE MORAES ', '20060090343', 343, 2, 111, '1979-12-24', 1),
(344, 'MARGARETE LOURDES DE FREITAS', '20060090344', 344, 2, 120, '1979-12-25', 1),
(345, 'MARIA CRISTINA DO NASCIMENTO DA SILVA', '20060090345', 345, 2, 113, '1979-12-26', 1),
(346, 'MARIA DO CARMO PRUDENTE RAMOS', '20060090346', 346, 2, 159, '1979-12-27', 1),
(347, 'MARLI FERNANDES RODRIGUES DA SILVEIRA MORAES', '20060090347', 347, 2, 102, '1979-12-28', 1),
(348, 'ONÉSIMO AMANCIO DA SILVA', '20060090348', 348, 2, 120, '1979-12-29', 1),
(349, 'OTANIEL FELIX DE LIMA', '20060090349', 349, 2, 121, '1979-12-30', 1),
(350, 'RAFAEL FIDELIS PEREIRA', '20060090350', 350, 2, 102, '1979-12-31', 1),
(351, 'RODOLFO SCOPARO FERREIRA', '20060090351', 351, 2, 159, '1980-01-01', 1),
(352, 'ROSANGELA ANGELICA DA SILVA', '20060090352', 352, 2, 112, '1980-01-02', 1),
(353, 'ROSANGELA APARECIDA DA SILVA MARTINS', '20060090353', 353, 2, 119, '1980-01-03', 1),
(354, 'ROSELI APARECIDA ADÃO BERTOLACCINI', '20060090354', 354, 2, 112, '1980-01-04', 1),
(355, 'SANDRA APARECIDA NOGUEIRA DA SILVA', '20060090355', 355, 2, 121, '1980-01-05', 1),
(356, 'SILVANA BEZ RIBEIRO', '20060090356', 356, 2, 108, '1980-01-06', 1),
(357, 'VERONICA CERIONI VALENTE SOARES', '20060090357', 357, 2, 110, '1980-01-07', 1),
(358, 'WALTERLEY DA SILVA', '20060090358', 358, 2, 102, '1980-01-08', 1),
(359, 'WANDERLEI LOPES TORRES', '20060090359', 359, 2, 110, '1980-01-09', 1),
(360, 'WANDERLEY ARIAS SILVA', '20060090360', 360, 2, 121, '1980-01-10', 1),
(361, 'WILMO GONÇALVES NEVES', '20060090361', 361, 2, 159, '1980-01-11', 1),
(362, 'WILSON DE MORAES ROSA FILHO', '20060090362', 362, 2, 159, '1980-01-12', 1),
(363, 'ADILA RODRIGUES DE OLIVEIRA ', '20060090363', 363, 12, 108, '1980-01-13', 1),
(364, 'ANA ANGELICA DE JESUS VIEIRA DI GIOSIA', '20060090364', 364, 12, 115, '1980-01-14', 1),
(365, 'ANA CLAUDIA DE LARA', '20060090365', 365, 12, 117, '1980-01-15', 1),
(366, 'ANA CLAUDIA GODOY ALBUQUERQUE', '20060090366', 366, 12, 121, '1980-01-16', 1),
(367, 'ANA CLAUDIA GROTTI', '20060090367', 367, 12, 113, '1980-01-17', 1),
(368, 'ANA LUCIA DINIZ ', '20060090368', 368, 12, 106, '1980-01-18', 1),
(369, 'ANA MARIA DA SILVA', '20060090369', 369, 12, 120, '1980-01-19', 1),
(370, 'ANA MARIA DO PRADO DE OLIVEIRA', '20060090370', 370, 12, 110, '1980-01-20', 1),
(371, 'ANA MARIA MODESTO CITADINI', '20060090371', 371, 12, 108, '1980-01-21', 1),
(372, 'ANA PAULA DE CARLA BUSSADORI', '20060090372', 372, 12, 106, '1980-01-22', 1),
(373, 'ANDREA CRISTINA DA CONCEIÇÃO BROSSA', '20060090373', 373, 12, 115, '1980-01-23', 1),
(374, 'ANDREIA APARECIDA CABRAL SOARES', '20060090374', 374, 12, 101, '1980-01-24', 1),
(375, 'ANDREIA DE CASSIA APARECIDA BATISTA MORAES', '20060090375', 375, 12, 110, '1980-01-25', 1),
(376, 'ANDREIA FERNANDA RODRIGUES TAVANO', '20060090376', 376, 12, 108, '1980-01-26', 1),
(377, 'ANDREIA ROMANUC ALBUQUERQUE', '20060090377', 377, 12, 117, '1980-01-27', 1),
(378, 'ÂNGELA APARECIDA SALES MOREIRA', '20060090378', 378, 12, 116, '1980-01-28', 1),
(379, 'APARECIDA DE JESUS MELLO COLELA', '20060090379', 379, 12, 121, '1980-01-29', 1),
(380, 'APARECIDA DO CARMO SILVA RAMALHO ROLIM', '20060090380', 380, 12, 107, '1980-01-30', 1),
(381, 'ARIANA FERNANDES DO ROSARIO PREARO', '20060090381', 381, 12, 113, '1980-01-31', 1),
(382, 'ARYANE SATIE OHRI DE CAMARGO', '20060090382', 382, 12, 121, '1980-02-01', 1),
(383, 'BRUNA LARCHER BATISTA MARTINS', '20060090383', 383, 12, 107, '1980-02-02', 1),
(384, 'CARLA CRISTINA BARBOSA DA SILVA', '20060090384', 384, 12, 113, '1980-02-03', 1),
(385, 'CARLA MAIDA GODINHO MARTINELLI ', '20060090385', 385, 12, 108, '1980-02-04', 1),
(386, 'CAROLINA FERREIRA MARTINS', '20060090386', 386, 12, 121, '1980-02-05', 1),
(387, 'CAROLINA RODRIGUES PEREZ ABRÃO', '20060090387', 387, 12, 109, '1980-02-06', 1),
(388, 'CIBELE CANDIDA FIRMO DA SILVA', '20060090388', 388, 12, 103, '1980-02-07', 1),
(389, 'CICERA FERREIRA GIORNI', '20060090389', 389, 12, 106, '1980-02-08', 1),
(390, 'CINTHIA ARIAS MORENO', '20060090390', 390, 12, 111, '1980-02-09', 1),
(391, 'CLAUDIA APARECIDA SILVERIO', '20060090391', 391, 12, 121, '1980-02-10', 1),
(392, 'CLAUDIA MARIA ROMÃO MATOS QUARESMA', '20060090392', 392, 12, 108, '1980-02-11', 1),
(393, 'CLAUDIA RIBON', '20060090393', 393, 12, 159, '1980-02-12', 1),
(394, 'CLAUDINEIA PEDROSO DE OLIVEIRA VIEIRA', '20060090394', 394, 12, 120, '1980-02-13', 1),
(395, 'CLEONICE APARECIDA CARDOSO DE SOUSA', '20060090395', 395, 12, 109, '1980-02-14', 1),
(396, 'CONCEIÇÃO APARECIDA DOS SANTOS MARTINS VARELA ALVES', '20060090396', 396, 12, 106, '1980-02-15', 1),
(397, 'CRISTIANE APARECIDA VIEIRA', '20060090397', 397, 12, 159, '1980-02-16', 1),
(398, 'CRISTIANE BRESSA LUZ', '20060090398', 398, 12, 109, '1980-02-17', 1),
(399, 'CRISTIANE COSTA BARROS', '20060090399', 399, 12, 115, '1980-02-18', 1),
(400, 'CRISTIANE FLORES GOMES MAGDALENO', '20060090400', 400, 12, 120, '1980-02-19', 1),
(401, 'CRISTIANE SALVIANO DA SILVA PEREIRA', '20060090401', 401, 12, 110, '1980-02-20', 1),
(402, 'DAISY DOS SANTOS BASTOS', '20060090402', 402, 12, 116, '1980-02-21', 1),
(403, 'DAYANA KELLY DA SILVA CANDIDO', '20060090403', 403, 12, 107, '1980-02-22', 1),
(404, 'DAYANE ELOISA RODRIGUES ROMERO', '20060090404', 404, 12, 107, '1980-02-23', 1),
(405, 'DEBORA ALVES MARTINS', '20060090405', 405, 12, 113, '1980-02-24', 1),
(406, 'DEBORA DOS REIS SANTUCCI SABINO DE SOUZA', '20060090406', 406, 12, 106, '1980-02-25', 1),
(407, 'DENISE FERNANDES MANDU', '20060090407', 407, 12, 121, '1980-02-26', 1),
(408, 'DEYSE DE SOUSA KAAM', '20060090408', 408, 12, 111, '1980-02-27', 1),
(409, 'EDILENE MORAES LIMA', '20060090409', 409, 12, 118, '1980-02-28', 1),
(410, 'EDILSON APARECIDO LEMOS', '20060090410', 410, 12, 159, '1980-02-29', 1),
(411, 'ELAINE DO CARMO PRESTES', '20060090411', 411, 12, 117, '1980-03-01', 1),
(412, 'ELIANA BARBOSA NETTO', '20060090412', 412, 12, 106, '1980-03-02', 1),
(413, 'ELIANE CRISTINA INFANTI', '20060090413', 413, 12, 115, '1980-03-03', 1),
(414, 'ELISABETE CONCEIÇÃO MARTINS', '20060090414', 414, 12, 159, '1980-03-04', 1),
(415, 'EMILENA DE CASSIA DA SILVA ', '20060090415', 415, 12, 108, '1980-03-05', 1),
(416, 'ERCY DE TOLEDO MACHADO', '20060090416', 416, 12, 106, '1980-03-06', 1),
(417, 'ERIANA TRAJANDA CONTI GONÇALVES', '20060090417', 417, 12, 101, '1980-03-07', 1),
(418, 'ERICA MARA QUEIROZ GAZAL  ', '20060090418', 418, 12, 110, '1980-03-08', 1),
(419, 'ESTELA CASTRO GOUVEIA ARANTES', '20060090419', 419, 12, 115, '1980-03-09', 1),
(420, 'EUNICE MARIA SANI DE MORAES', '20060090420', 420, 12, 112, '1980-03-10', 1),
(421, 'FABIANA FERREIRA GONÇALVES', '20060090421', 421, 12, 118, '1980-03-11', 1),
(422, 'FABIANA SANTANA DORADOR', '20060090422', 422, 12, 120, '1980-03-12', 1),
(423, 'FERNANDA DA SILVA FARIA', '20060090423', 423, 12, 109, '1980-03-13', 1),
(424, 'FERNANDA RIBEIRO ANGELI', '20060090424', 424, 12, 116, '1980-03-14', 1),
(425, 'FLAVIA APARECIDA CAPPA ROSA', '20060090425', 425, 12, 113, '1980-03-15', 1),
(426, 'FRANCISCA DE SOUZA', '20060090426', 426, 12, 117, '1980-03-16', 1),
(427, 'GABRIELA CRISTINA DA ROCHA', '20060090427', 427, 12, 112, '1980-03-17', 1),
(428, 'GABRIELA PAOLILLO ALONSO', '20060090428', 428, 12, 117, '1980-03-18', 1),
(429, 'GISELE ALVES BARROS FONTES', '20060090429', 429, 12, 106, '1980-03-19', 1),
(430, 'GISELE APARECIDA MAIA FERREIRA', '20060090430', 430, 12, 112, '1980-03-20', 1),
(431, 'GISLENE DE FÁTIMA MAIA FERREIRA', '20060090431', 431, 12, 112, '1980-03-21', 1),
(432, 'GLORIA MATRICARDI PEDROSO', '20060090432', 432, 12, 115, '1980-03-22', 1),
(433, 'HELEN MATOS PINHEIRO DE ALMEIDA E SILVA', '20060090433', 433, 12, 108, '1980-03-23', 1),
(434, 'HELENA APARECIDA ACIOLI SOBRAL', '20060090434', 434, 12, 159, '1980-03-24', 1),
(435, 'HELIA MARIA DE MEDEIROS POMPIANI ', '20060090435', 435, 12, 120, '1980-03-25', 1),
(436, 'HORTÊNCIA DE SOUZA FONSECA LEME', '20060090436', 436, 12, 120, '1980-03-26', 1),
(437, 'IDA MARINA SALVETTI', '20060090437', 437, 12, 117, '1980-03-27', 1),
(438, 'INES GONÇALVES DIAS SILVA', '20060090438', 438, 12, 104, '1980-03-28', 1),
(439, 'ISABEL APARECIDA DE MORAES', '20060090439', 439, 12, 106, '1980-03-29', 1),
(440, 'ISABEL CRISTINA PEZZOTTA GONÇALVES', '20060090440', 440, 12, 159, '1980-03-30', 1),
(441, 'JHULLYE KARINE BARTELI', '20060090441', 441, 12, 106, '1980-03-31', 1),
(442, 'JOANA LUZIA GOMES', '20060090442', 442, 12, 117, '1980-04-01', 1),
(443, 'JOSIE RAFAELA PEREIRA LEAL ', '20060090443', 443, 12, 106, '1980-04-02', 1),
(444, 'JOSILENE GRINHOLLI ALVES', '20060090444', 444, 12, 120, '1980-04-03', 1),
(445, 'JOZE VIEIRA RIBEIRO', '20060090445', 445, 12, 120, '1980-04-04', 1),
(446, 'JULIANA DO ESPIRITO SANTO CÓSER', '20060090446', 446, 12, 111, '1980-04-05', 1),
(447, 'JULIANA SANTOS DA SILVA', '20060090447', 447, 12, 121, '1980-04-06', 1),
(448, 'KAROLINE MELEIRO DO NASCIMENTO', '20060090448', 448, 12, 159, '1980-04-07', 1),
(449, 'KATIA REGINA JUSTO PEDROSO', '20060090449', 449, 12, 116, '1980-04-08', 1),
(450, 'LARA SUEMI TOMIMATU', '20060090450', 450, 12, 106, '1980-04-09', 1),
(451, 'LARISSA KARALKOVAS SILVA', '20060090451', 451, 12, 159, '1980-04-10', 1),
(452, 'LAUDEMIR NUNES', '20060090452', 452, 12, 112, '1980-04-11', 1),
(453, 'LAURA GENNY OLIVEIRA POLLANO', '20060090453', 453, 12, 159, '1980-04-12', 1),
(454, 'LUCI DIAS CESAR', '20060090454', 454, 12, 112, '1980-04-13', 1),
(455, 'LUCIANA MIDORI PEREIRA DOS SANTOS', '20060090455', 455, 12, 101, '1980-04-14', 1),
(456, 'LUCIANA PAOLI DOS SANTOS', '20060090456', 456, 12, 116, '1980-04-15', 1),
(457, 'LUCIANE DOS SANTOS PAOLILLO ', '20060090457', 457, 12, 108, '1980-04-16', 1),
(458, 'MADALENA AMORIM ARONE', '20060090458', 458, 12, 113, '1980-04-17', 1),
(459, 'MAGALI APARECIDA BARBOSA', '20060090459', 459, 12, 110, '1980-04-18', 1),
(460, 'MAGDA RODRIGUES HIRAY', '20060090460', 460, 12, 116, '1980-04-19', 1),
(461, 'MARCIA APARECIDA RODRIGUES HIRAY', '20060090461', 461, 12, 121, '1980-04-20', 1),
(462, 'MÁRCIA JOSÉ DE PAIVA SILVESTRE', '20060090462', 462, 12, 117, '1980-04-21', 1),
(463, 'MÁRCIA NOGUEIRA DA SILVA FERREIRA', '20060090463', 463, 12, 159, '1980-04-22', 1),
(464, 'MARCIA RAMAZZINI DE MORAES', '20060090464', 464, 12, 117, '1980-04-23', 1),
(465, 'MARCIA SILVA', '20060090465', 465, 12, 115, '1980-04-24', 1),
(466, 'MARIA AIDA DE QUEIROZ SOLEIRA', '20060090466', 466, 12, 106, '1980-04-25', 1),
(467, 'MARIA APARECIDA DE RAMOS', '20060090467', 467, 12, 117, '1980-04-26', 1),
(468, 'MARIA DA CONCEIÇÃO VALENTE VIDAL', '20060090468', 468, 12, 105, '1980-04-27', 1),
(469, 'MARIA DA GRAÇA COMPANHONI BENASSI', '20060090469', 469, 12, 117, '1980-04-28', 1),
(470, 'MARIA DAS GRAÇAS SANTOS RODRIGUES', '20060090470', 470, 12, 112, '1980-04-29', 1),
(471, 'MARIA DAUTA DE BARROS JESUS ', '20060090471', 471, 12, 120, '1980-04-30', 1),
(472, 'MARIA DE LOURDES BIANQUINI', '20060090472', 472, 12, 108, '1980-05-01', 1),
(473, 'MARIA DO CARMO ESPINHA', '20060090473', 473, 12, 106, '1980-05-02', 1),
(474, 'MARIA FATIMA DE FREITAS', '20060090474', 474, 12, 106, '1980-05-03', 1),
(475, 'MARIA JOSE DOS SANTOS ANUNCIATO', '20060090475', 475, 12, 121, '1980-05-04', 1),
(476, 'MARIA LUCIA DA SILVA', '20060090476', 476, 12, 112, '1980-05-05', 1),
(477, 'MARIANA PEREIRA ANJINHO DOS SANTOS', '20060090477', 477, 12, 113, '1980-05-06', 1),
(478, 'MARIELI PEDROSO DE OLIVEIRA CARDOSO ', '20060090478', 478, 12, 107, '1980-05-07', 1),
(479, 'MARILEIA MORESCHI DE MATOS PEREIRA', '20060090479', 479, 12, 121, '1980-05-08', 1),
(480, 'MARILENE FERREIRA MEDEIROS PAES', '20060090480', 480, 12, 113, '1980-05-09', 1),
(481, 'MARINES ADRIANA MIGUEL', '20060090481', 481, 12, 120, '1980-05-10', 1),
(482, 'MARISA RODRIGUES PEREZ ABRÃO', '20060090482', 482, 12, 109, '1980-05-11', 1),
(483, 'MARLENE APARECIDA DE LIMA FERREIRA', '20060090483', 483, 12, 159, '1980-05-12', 1),
(484, 'MARTA ANGÉLICA FERRARI', '20060090484', 484, 12, 118, '1980-05-13', 1),
(485, 'MILENE ALVES LEITE', '20060090485', 485, 12, 118, '1980-05-14', 1),
(486, 'MIRIA EVANGELISTA PERPETUO', '20060090486', 486, 12, 107, '1980-05-15', 1),
(487, 'MIRIAM DA ROCHA BARROS', '20060090487', 487, 12, 105, '1980-05-16', 1),
(488, 'MIUCHA GABRIELA BORBA RODRIGUES PINTO', '20060090488', 488, 12, 159, '1980-05-17', 1),
(489, 'MONA LIZA DOS SANTOS VERGUEIRO', '20060090489', 489, 12, 116, '1980-05-18', 1),
(490, 'MÔNICA SPINHA GALAN', '20060090490', 490, 12, 106, '1980-05-19', 1),
(491, 'NADIR FARIAS DA SILVEIRA', '20060090491', 491, 12, 115, '1980-05-20', 1),
(492, 'NATALI ALVES BARROS LIRA ', '20060090492', 492, 12, 159, '1980-05-21', 1),
(493, 'NATHALY GONÇALVES MACHADO', '20060090493', 493, 12, 106, '1980-05-22', 1),
(494, 'NEIDE PARREIRA DOS SANTOS AZEVEDO', '20060090494', 494, 12, 109, '1980-05-23', 1),
(495, 'NEIRAILDES SILVA ANDRADE', '20060090495', 495, 12, 120, '1980-05-24', 1),
(496, 'NEISE MIKAIL DA LUZ DIEZ VECINO', '20060090496', 496, 12, 117, '1980-05-25', 1),
(497, 'NEUSA MENDES DA ROCHA SILVA', '20060090497', 497, 12, 121, '1980-05-26', 1),
(498, 'NOEMI ALVES MAGALHÃES', '20060090498', 498, 12, 117, '1980-05-27', 1),
(499, 'NORILDA DE SOUZA SANTOS DA SILVA', '20060090499', 499, 12, 159, '1980-05-28', 1),
(500, 'PATRICIA DAISY DA FONSECA', '20060090500', 500, 12, 101, '1980-05-29', 1),
(501, 'PATRÍCIA LIMA ALVES', '20060090501', 501, 12, 159, '1980-05-30', 1),
(502, 'PATRICIA MARIA CLARO DI GIULIO', '20060090502', 502, 12, 120, '1980-05-31', 1),
(503, 'PATRICIA REGINA HERNANDES DELGADO MORALES DA ROSA', '20060090503', 503, 12, 105, '1980-06-01', 1),
(504, 'PATRICIA ROCHA PEREIRA LEITE FERNANDES FARIA', '20060090504', 504, 12, 159, '1980-06-02', 1),
(505, 'PATRICIA RODRIGUES CORDEIRO', '20060090505', 505, 12, 120, '1980-06-03', 1),
(506, 'PATRICIA SOARES PEREIRA ABULEIZ', '20060090506', 506, 12, 120, '1980-06-04', 1),
(507, 'PAULA CRISTINA COMITRE DE SOUZA', '20060090507', 507, 12, 114, '1980-06-05', 1),
(508, 'REGINA ARAUJO DOS ANJOS', '20060090508', 508, 12, 101, '1980-06-06', 1),
(509, 'RENATA APARECIDA DE ALMEIDA ANTUNES ', '20060090509', 509, 12, 116, '1980-06-07', 1),
(510, 'RITA DE CASSIA BUENO ', '20060090510', 510, 12, 121, '1980-06-08', 1),
(511, 'ROBERTA BRAGA MURACA', '20060090511', 511, 12, 121, '1980-06-09', 1),
(512, 'ROSANA APARECIDA DE MORAES', '20060090512', 512, 12, 113, '1980-06-10', 1),
(513, 'ROSANA TEIXEIRA DE CARVALHO', '20060090513', 513, 12, 115, '1980-06-11', 1),
(514, 'ROSANGELA ANZOLINI GONÇALVES', '20060090514', 514, 12, 116, '1980-06-12', 1),
(515, 'ROSANGELA DE PAULA SANTOS', '20060090515', 515, 12, 114, '1980-06-13', 1),
(516, 'ROSELI GOMES SOARES', '20060090516', 516, 12, 118, '1980-06-14', 1),
(517, 'ROSIANE DE JESUS ROCHA FORTES', '20060090517', 517, 12, 110, '1980-06-15', 1),
(518, 'ROSILENE LINO DE MAGALHÃES ENTRINGER', '20060090518', 518, 12, 112, '1980-06-16', 1),
(519, 'ROSINEIA GRANADO RODRIGUES', '20060090519', 519, 12, 115, '1980-06-17', 1),
(520, 'RUBIA AZZINI', '20060090520', 520, 12, 120, '1980-06-18', 1),
(521, 'SALMA VALERIA OLIVEIRA DE CAMARGO', '20060090521', 521, 12, 111, '1980-06-19', 1),
(522, 'SANDRA REGINA MIQUELINI GONÇALVES', '20060090522', 522, 12, 112, '1980-06-20', 1),
(523, 'SANDRA REGINA ZUMCKELLER DE CAMARGO', '20060090523', 523, 12, 113, '1980-06-21', 1),
(524, 'SARA DE FREITAS SANTOS FERREIRA', '20060090524', 524, 12, 121, '1980-06-22', 1),
(525, 'SEBASTIANA MIRANDA DA COSTA', '20060090525', 525, 12, 112, '1980-06-23', 1),
(526, 'SELEN CRISTIANE SAMPAIO BRAZ', '20060090526', 526, 12, 115, '1980-06-24', 1),
(527, 'SILVANA DE FATIMA REIS', '20060090527', 527, 12, 107, '1980-06-25', 1),
(528, 'SILVANA MARIA MOIA BENASSI', '20060090528', 528, 12, 115, '1980-06-26', 1),
(529, 'SIMONE MARAUS', '20060090529', 529, 12, 104, '1980-06-27', 1),
(530, 'SIMONE SOLER TAVARES BATISTA', '20060090530', 530, 12, 112, '1980-06-28', 1),
(531, 'SOLANGE APARECIDA GOMES', '20060090531', 531, 12, 120, '1980-06-29', 1),
(532, 'SONIA CARDOSO ANDRADE DE CAMARGO', '20060090532', 532, 12, 113, '1980-06-30', 1),
(533, 'SONIA MARIA MORAES ANUNCIATO HAAK RIBEIRO', '20060090533', 533, 12, 115, '1980-07-01', 1),
(534, 'SONIA RIBEIRO DE CAMPOS', '20060090534', 534, 12, 116, '1980-07-02', 1),
(535, 'SUELI CAVALHERI INACIO', '20060090535', 535, 12, 159, '1980-07-03', 1),
(536, 'TALITA CRISTINA SÁ DAS NEVES', '20060090536', 536, 12, 109, '1980-07-04', 1),
(537, 'TANIA BARBOSA CARLINI', '20060090537', 537, 12, 112, '1980-07-05', 1),
(538, 'TANIA CRISTINA DOS SANTOS', '20060090538', 538, 12, 159, '1980-07-06', 1),
(539, 'TANIA MARIA ANDRADE DE CAMARGO', '20060090539', 539, 12, 115, '1980-07-07', 1),
(540, 'TATIANA APARECIDA SASTRE', '20060090540', 540, 12, 105, '1980-07-08', 1),
(541, 'THAIS RENATA DE OLIVEIRA HOLANDA', '20060090541', 541, 12, 159, '1980-07-09', 1),
(542, 'VANESSA APARECIDA DE MORAES', '20060090542', 542, 12, 120, '1980-07-10', 1),
(543, 'VANIA APARECIDA DOS SANTOS DUARTE', '20060090543', 543, 12, 104, '1980-07-11', 1),
(544, 'VERA APARECIDA MARIA', '20060090544', 544, 12, 107, '1980-07-12', 1),
(545, 'VERA DE MORAES COPANI', '20060090545', 545, 12, 111, '1980-07-13', 1),
(546, 'VERA LUCIA BARROS SANTANA', '20060090546', 546, 12, 106, '1980-07-14', 1),
(547, 'VICTOR DOS SANTOS MORAES', '20060090547', 547, 12, 159, '1980-07-15', 1),
(548, 'VIRGÍNIA FERNANDES PUERTA', '20060090548', 548, 12, 117, '1980-07-16', 1);

-- --------------------------------------------------------

--
-- Estrutura da tabela `tb_vagas`
--

CREATE TABLE `tb_vagas` (
  `cod_escola` int(3) NOT NULL,
  `cod_cargo` int(3) NOT NULL,
  `cod_tipo` int(3) NOT NULL,
  `cod_tipo_vaga` int(3) NOT NULL,
  `quantidade` int(3) NOT NULL
) ENGINE=InnoDB DEFAULT CHARSET=utf8;

--
-- Extraindo dados da tabela `tb_vagas`
--

INSERT INTO `tb_vagas` (`cod_escola`, `cod_cargo`, `cod_tipo`, `cod_tipo_vaga`, `quantidade`) VALUES
(101, 1, 1, 1, 1),
(101, 1, 1, 2, 9),
(101, 2, 1, 1, 2),
(101, 2, 1, 2, 8),
(101, 3, 1, 1, 3),
(101, 3, 1, 2, 8),
(101, 4, 1, 1, 4),
(101, 4, 1, 2, 6),
(101, 5, 1, 1, 5),
(101, 5, 1, 2, 5),
(101, 6, 1, 1, 6),
(101, 6, 1, 2, 4),
(101, 7, 1, 1, 7),
(101, 7, 1, 2, 3),
(101, 8, 1, 1, 8),
(101, 8, 1, 2, 2),
(101, 9, 1, 1, 9),
(101, 9, 1, 2, 1),
(101, 10, 1, 1, 3),
(101, 10, 1, 2, 0),
(102, 1, 1, 1, 0),
(102, 1, 1, 2, 0),
(102, 2, 1, 1, 0),
(102, 2, 1, 2, 0),
(102, 3, 1, 1, 0),
(102, 3, 1, 2, 0),
(102, 4, 1, 1, 0),
(102, 4, 1, 2, 0),
(102, 5, 1, 1, 0),
(102, 5, 1, 2, 0),
(102, 6, 1, 1, 0),
(102, 6, 1, 2, 0),
(102, 7, 1, 1, 0),
(102, 7, 1, 2, 0),
(102, 8, 1, 1, 0),
(102, 8, 1, 2, 0),
(102, 9, 1, 1, 0),
(102, 9, 1, 2, 0),
(102, 10, 1, 1, 1),
(102, 10, 1, 2, 0),
(103, 1, 1, 1, 0),
(103, 1, 1, 2, 0),
(103, 2, 1, 1, 0),
(103, 2, 1, 2, 0),
(103, 3, 1, 1, 0),
(103, 3, 1, 2, 0),
(103, 4, 1, 1, 0),
(103, 4, 1, 2, 0),
(103, 5, 1, 1, 0),
(103, 5, 1, 2, 0),
(103, 6, 1, 1, 0),
(103, 6, 1, 2, 0),
(103, 7, 1, 1, 0),
(103, 7, 1, 2, 0),
(103, 8, 1, 1, 0),
(103, 8, 1, 2, 0),
(103, 9, 1, 1, 0),
(103, 9, 1, 2, 0),
(103, 10, 1, 1, 1),
(103, 10, 1, 2, 0),
(104, 1, 1, 1, 0),
(104, 1, 1, 2, 0),
(104, 2, 1, 1, 0),
(104, 2, 1, 2, 0),
(104, 3, 1, 1, 0),
(104, 3, 1, 2, 0),
(104, 4, 1, 1, 0),
(104, 4, 1, 2, 0),
(104, 5, 1, 1, 0),
(104, 5, 1, 2, 0),
(104, 6, 1, 1, 0),
(104, 6, 1, 2, 0),
(104, 7, 1, 1, 0),
(104, 7, 1, 2, 0),
(104, 8, 1, 1, 0),
(104, 8, 1, 2, 0),
(104, 9, 1, 1, 0),
(104, 9, 1, 2, 0),
(104, 10, 1, 1, 1),
(104, 10, 1, 2, 0),
(105, 1, 1, 1, 0),
(105, 1, 1, 2, 0),
(105, 2, 1, 1, 0),
(105, 2, 1, 2, 0),
(105, 3, 1, 1, 0),
(105, 3, 1, 2, 0),
(105, 4, 1, 1, 0),
(105, 4, 1, 2, 0),
(105, 5, 1, 1, 0),
(105, 5, 1, 2, 0),
(105, 6, 1, 1, 0),
(105, 6, 1, 2, 0),
(105, 7, 1, 1, 0),
(105, 7, 1, 2, 0),
(105, 8, 1, 1, 0),
(105, 8, 1, 2, 0),
(105, 9, 1, 1, 0),
(105, 9, 1, 2, 0),
(105, 10, 1, 1, 1),
(105, 10, 1, 2, 0),
(106, 1, 1, 1, 0),
(106, 1, 1, 2, 0),
(106, 2, 1, 1, 0),
(106, 2, 1, 2, 0),
(106, 3, 1, 1, 0),
(106, 3, 1, 2, 0),
(106, 4, 1, 1, 0),
(106, 4, 1, 2, 0),
(106, 5, 1, 1, 0),
(106, 5, 1, 2, 0),
(106, 6, 1, 1, 0),
(106, 6, 1, 2, 0),
(106, 7, 1, 1, 0),
(106, 7, 1, 2, 0),
(106, 8, 1, 1, 0),
(106, 8, 1, 2, 0),
(106, 9, 1, 1, 0),
(106, 9, 1, 2, 0),
(106, 10, 1, 1, 1),
(106, 10, 1, 2, 0),
(107, 1, 1, 1, 0),
(107, 1, 1, 2, 0),
(107, 2, 1, 1, 0),
(107, 2, 1, 2, 0),
(107, 3, 1, 1, 0),
(107, 3, 1, 2, 0),
(107, 4, 1, 1, 0),
(107, 4, 1, 2, 0),
(107, 5, 1, 1, 0),
(107, 5, 1, 2, 0),
(107, 6, 1, 1, 0),
(107, 6, 1, 2, 0),
(107, 7, 1, 1, 0),
(107, 7, 1, 2, 0),
(107, 8, 1, 1, 0),
(107, 8, 1, 2, 0),
(107, 9, 1, 1, 0),
(107, 9, 1, 2, 0),
(107, 10, 1, 1, 1),
(107, 10, 1, 2, 0),
(108, 1, 1, 1, 0),
(108, 1, 1, 2, 0),
(108, 2, 1, 1, 0),
(108, 2, 1, 2, 0),
(108, 3, 1, 1, 0),
(108, 3, 1, 2, 0),
(108, 4, 1, 1, 0),
(108, 4, 1, 2, 0),
(108, 5, 1, 1, 0),
(108, 5, 1, 2, 0),
(108, 6, 1, 1, 0),
(108, 6, 1, 2, 0),
(108, 7, 1, 1, 0),
(108, 7, 1, 2, 0),
(108, 8, 1, 1, 0),
(108, 8, 1, 2, 0),
(108, 9, 1, 1, 0),
(108, 9, 1, 2, 0),
(108, 10, 1, 1, 1),
(108, 10, 1, 2, 0),
(109, 1, 1, 1, 0),
(109, 1, 1, 2, 0),
(109, 2, 1, 1, 0),
(109, 2, 1, 2, 0),
(109, 3, 1, 1, 0),
(109, 3, 1, 2, 0),
(109, 4, 1, 1, 0),
(109, 4, 1, 2, 0),
(109, 5, 1, 1, 0),
(109, 5, 1, 2, 0),
(109, 6, 1, 1, 0),
(109, 6, 1, 2, 0),
(109, 7, 1, 1, 0),
(109, 7, 1, 2, 0),
(109, 8, 1, 1, 0),
(109, 8, 1, 2, 0),
(109, 9, 1, 1, 0),
(109, 9, 1, 2, 0),
(109, 10, 1, 1, 1),
(109, 10, 1, 2, 0),
(110, 1, 1, 1, 0),
(110, 1, 1, 2, 0),
(110, 2, 1, 1, 0),
(110, 2, 1, 2, 0),
(110, 3, 1, 1, 0),
(110, 3, 1, 2, 0),
(110, 4, 1, 1, 0),
(110, 4, 1, 2, 0),
(110, 5, 1, 1, 0),
(110, 5, 1, 2, 0),
(110, 6, 1, 1, 0),
(110, 6, 1, 2, 0),
(110, 7, 1, 1, 0),
(110, 7, 1, 2, 0),
(110, 8, 1, 1, 0),
(110, 8, 1, 2, 0),
(110, 9, 1, 1, 0),
(110, 9, 1, 2, 0),
(110, 10, 1, 1, 1),
(110, 10, 1, 2, 0),
(111, 1, 1, 1, 0),
(111, 1, 1, 2, 0),
(111, 2, 1, 1, 0),
(111, 2, 1, 2, 0),
(111, 3, 1, 1, 0),
(111, 3, 1, 2, 0),
(111, 4, 1, 1, 0),
(111, 4, 1, 2, 0),
(111, 5, 1, 1, 0),
(111, 5, 1, 2, 0),
(111, 6, 1, 1, 0),
(111, 6, 1, 2, 0),
(111, 7, 1, 1, 0),
(111, 7, 1, 2, 0),
(111, 8, 1, 1, 0),
(111, 8, 1, 2, 0),
(111, 9, 1, 1, 0),
(111, 9, 1, 2, 0),
(111, 10, 1, 1, 1),
(111, 10, 1, 2, 0),
(112, 1, 1, 1, 10),
(112, 1, 1, 2, 0),
(112, 2, 1, 1, 0),
(112, 2, 1, 2, 0),
(112, 3, 1, 1, 0),
(112, 3, 1, 2, 0),
(112, 4, 1, 1, 0),
(112, 4, 1, 2, 0),
(112, 5, 1, 1, 0),
(112, 5, 1, 2, 0),
(112, 6, 1, 1, 0),
(112, 6, 1, 2, 0),
(112, 7, 1, 1, 0),
(112, 7, 1, 2, 0),
(112, 8, 1, 1, 0),
(112, 8, 1, 2, 0),
(112, 9, 1, 1, 0),
(112, 9, 1, 2, 0),
(112, 10, 1, 1, 1),
(112, 10, 1, 2, 0),
(113, 1, 1, 1, 0),
(113, 1, 1, 2, 0),
(113, 2, 1, 1, 0),
(113, 2, 1, 2, 0),
(113, 3, 1, 1, 0),
(113, 3, 1, 2, 0),
(113, 4, 1, 1, 0),
(113, 4, 1, 2, 0),
(113, 5, 1, 1, 0),
(113, 5, 1, 2, 0),
(113, 6, 1, 1, 0),
(113, 6, 1, 2, 0),
(113, 7, 1, 1, 0),
(113, 7, 1, 2, 0),
(113, 8, 1, 1, 0),
(113, 8, 1, 2, 0),
(113, 9, 1, 1, 0),
(113, 9, 1, 2, 0),
(113, 10, 1, 1, 1),
(113, 10, 1, 2, 0),
(114, 1, 1, 1, 0),
(114, 1, 1, 2, 0),
(114, 2, 1, 1, 0),
(114, 2, 1, 2, 0),
(114, 3, 1, 1, 0),
(114, 3, 1, 2, 0),
(114, 4, 1, 1, 0),
(114, 4, 1, 2, 0),
(114, 5, 1, 1, 0),
(114, 5, 1, 2, 0),
(114, 6, 1, 1, 0),
(114, 6, 1, 2, 0),
(114, 7, 1, 1, 0),
(114, 7, 1, 2, 0),
(114, 8, 1, 1, 0),
(114, 8, 1, 2, 0),
(114, 9, 1, 1, 0),
(114, 9, 1, 2, 0),
(114, 10, 1, 1, 1),
(114, 10, 1, 2, 0),
(115, 1, 1, 1, 0),
(115, 1, 1, 2, 0),
(115, 2, 1, 1, 0),
(115, 2, 1, 2, 0),
(115, 3, 1, 1, 0),
(115, 3, 1, 2, 0),
(115, 4, 1, 1, 0),
(115, 4, 1, 2, 0),
(115, 5, 1, 1, 0),
(115, 5, 1, 2, 0),
(115, 6, 1, 1, 0),
(115, 6, 1, 2, 0),
(115, 7, 1, 1, 0),
(115, 7, 1, 2, 0),
(115, 8, 1, 1, 0),
(115, 8, 1, 2, 0),
(115, 9, 1, 1, 0),
(115, 9, 1, 2, 0),
(115, 10, 1, 1, 1),
(115, 10, 1, 2, 0),
(116, 1, 1, 1, 0),
(116, 1, 1, 2, 0),
(116, 2, 1, 1, 0),
(116, 2, 1, 2, 0),
(116, 3, 1, 1, 0),
(116, 3, 1, 2, 0),
(116, 4, 1, 1, 0),
(116, 4, 1, 2, 0),
(116, 5, 1, 1, 0),
(116, 5, 1, 2, 0),
(116, 6, 1, 1, 0),
(116, 6, 1, 2, 0),
(116, 7, 1, 1, 0),
(116, 7, 1, 2, 0),
(116, 8, 1, 1, 0),
(116, 8, 1, 2, 0),
(116, 9, 1, 1, 0),
(116, 9, 1, 2, 0),
(116, 10, 1, 1, 1),
(116, 10, 1, 2, 0),
(117, 1, 1, 1, 0),
(117, 1, 1, 2, 0),
(117, 2, 1, 1, 0),
(117, 2, 1, 2, 0),
(117, 3, 1, 1, 0),
(117, 3, 1, 2, 0),
(117, 4, 1, 1, 0),
(117, 4, 1, 2, 0),
(117, 5, 1, 1, 0),
(117, 5, 1, 2, 0),
(117, 6, 1, 1, 0),
(117, 6, 1, 2, 0),
(117, 7, 1, 1, 0),
(117, 7, 1, 2, 0),
(117, 8, 1, 1, 0),
(117, 8, 1, 2, 0),
(117, 9, 1, 1, 0),
(117, 9, 1, 2, 0),
(117, 10, 1, 1, 1),
(117, 10, 1, 2, 0),
(118, 1, 1, 1, 0),
(118, 1, 1, 2, 0),
(118, 2, 1, 1, 0),
(118, 2, 1, 2, 0),
(118, 3, 1, 1, 0),
(118, 3, 1, 2, 0),
(118, 4, 1, 1, 0),
(118, 4, 1, 2, 0),
(118, 5, 1, 1, 0),
(118, 5, 1, 2, 0),
(118, 6, 1, 1, 0),
(118, 6, 1, 2, 0),
(118, 7, 1, 1, 0),
(118, 7, 1, 2, 0),
(118, 8, 1, 1, 0),
(118, 8, 1, 2, 0),
(118, 9, 1, 1, 0),
(118, 9, 1, 2, 0),
(118, 10, 1, 1, 1),
(118, 10, 1, 2, 0),
(119, 1, 1, 1, 0),
(119, 1, 1, 2, 0),
(119, 2, 1, 1, 0),
(119, 2, 1, 2, 0),
(119, 3, 1, 1, 0),
(119, 3, 1, 2, 0),
(119, 4, 1, 1, 0),
(119, 4, 1, 2, 0),
(119, 5, 1, 1, 0),
(119, 5, 1, 2, 0),
(119, 6, 1, 1, 0),
(119, 6, 1, 2, 0),
(119, 7, 1, 1, 0),
(119, 7, 1, 2, 0),
(119, 8, 1, 1, 0),
(119, 8, 1, 2, 0),
(119, 9, 1, 1, 0),
(119, 9, 1, 2, 0),
(119, 10, 1, 1, 1),
(119, 10, 1, 2, 0),
(120, 1, 1, 1, 12),
(120, 1, 1, 2, 0),
(120, 2, 1, 1, 22),
(120, 2, 1, 2, 0),
(120, 3, 1, 1, 33),
(120, 3, 1, 2, 0),
(120, 4, 1, 1, 44),
(120, 4, 1, 2, 0),
(120, 5, 1, 1, 55),
(120, 5, 1, 2, 0),
(120, 6, 1, 1, 66),
(120, 6, 1, 2, 0),
(120, 7, 1, 1, 77),
(120, 7, 1, 2, 0),
(120, 8, 1, 1, 88),
(120, 8, 1, 2, 0),
(120, 9, 1, 1, 99),
(120, 9, 1, 2, 0),
(120, 10, 1, 1, 1),
(120, 10, 1, 2, 0),
(121, 1, 1, 1, 10),
(121, 1, 1, 2, 90),
(121, 2, 1, 1, 11),
(121, 2, 1, 2, 80),
(121, 3, 1, 1, 12),
(121, 3, 1, 2, 80),
(121, 4, 1, 1, 13),
(121, 4, 1, 2, 60),
(121, 5, 1, 1, 14),
(121, 5, 1, 2, 50),
(121, 6, 1, 1, 15),
(121, 6, 1, 2, 40),
(121, 7, 1, 1, 16),
(121, 7, 1, 2, 30),
(121, 8, 1, 1, 17),
(121, 8, 1, 2, 20),
(121, 9, 1, 1, 20),
(121, 9, 1, 2, 10),
(121, 10, 1, 1, 1),
(121, 10, 1, 2, 1),
(122, 10, 2, 1, 1),
(122, 10, 2, 2, 0),
(122, 11, 2, 1, 2),
(122, 11, 2, 2, 11),
(122, 13, 2, 1, 2),
(122, 13, 2, 2, 21),
(123, 10, 2, 1, 1),
(123, 10, 2, 2, 0),
(123, 11, 2, 1, 3),
(123, 11, 2, 2, 0),
(123, 13, 2, 1, 0),
(123, 13, 2, 2, 0),
(124, 10, 2, 1, 1),
(124, 10, 2, 2, 0),
(124, 11, 2, 1, 0),
(124, 11, 2, 2, 0),
(124, 13, 2, 1, 0),
(124, 13, 2, 2, 0),
(125, 10, 2, 1, 1),
(125, 10, 2, 2, 0),
(125, 11, 2, 1, 0),
(125, 11, 2, 2, 0),
(125, 13, 2, 1, 0),
(125, 13, 2, 2, 0),
(126, 10, 2, 1, 1),
(126, 10, 2, 2, 0),
(126, 11, 2, 1, 0),
(126, 11, 2, 2, 0),
(126, 13, 2, 1, 0),
(126, 13, 2, 2, 0),
(127, 10, 2, 1, 2),
(127, 10, 2, 2, 0),
(127, 11, 2, 1, 0),
(127, 11, 2, 2, 0),
(127, 13, 2, 1, 0),
(127, 13, 2, 2, 0),
(128, 10, 2, 1, 1),
(128, 10, 2, 2, 0),
(128, 11, 2, 1, 0),
(128, 11, 2, 2, 0),
(128, 13, 2, 1, 0),
(128, 13, 2, 2, 0),
(129, 10, 2, 1, 1),
(129, 10, 2, 2, 0),
(129, 11, 2, 1, 0),
(129, 11, 2, 2, 0),
(129, 13, 2, 1, 0),
(129, 13, 2, 2, 0),
(130, 10, 2, 1, 1),
(130, 10, 2, 2, 0),
(130, 11, 2, 1, 0),
(130, 11, 2, 2, 0),
(130, 13, 2, 1, 0),
(130, 13, 2, 2, 0),
(131, 10, 2, 1, 1),
(131, 10, 2, 2, 0),
(131, 11, 2, 1, 0),
(131, 11, 2, 2, 0),
(131, 13, 2, 1, 0),
(131, 13, 2, 2, 0),
(132, 10, 2, 1, 1),
(132, 10, 2, 2, 0),
(132, 11, 2, 1, 0),
(132, 11, 2, 2, 0),
(132, 13, 2, 1, 0),
(132, 13, 2, 2, 0),
(133, 10, 2, 1, 1),
(133, 10, 2, 2, 0),
(133, 11, 2, 1, 0),
(133, 11, 2, 2, 0),
(133, 13, 2, 1, 0),
(133, 13, 2, 2, 0),
(134, 10, 2, 1, 1),
(134, 10, 2, 2, 0),
(134, 11, 2, 1, 0),
(134, 11, 2, 2, 0),
(134, 13, 2, 1, 0),
(134, 13, 2, 2, 0),
(135, 10, 2, 1, 1),
(135, 10, 2, 2, 0),
(135, 11, 2, 1, 0),
(135, 11, 2, 2, 0),
(135, 13, 2, 1, 0),
(135, 13, 2, 2, 0),
(136, 10, 2, 1, 1),
(136, 10, 2, 2, 0),
(136, 11, 2, 1, 0),
(136, 11, 2, 2, 0),
(136, 13, 2, 1, 0),
(136, 13, 2, 2, 0),
(137, 10, 2, 1, 1),
(137, 10, 2, 2, 0),
(137, 11, 2, 1, 0),
(137, 11, 2, 2, 0),
(137, 13, 2, 1, 0),
(137, 13, 2, 2, 0),
(138, 10, 2, 1, 1),
(138, 10, 2, 2, 0),
(138, 11, 2, 1, 0),
(138, 11, 2, 2, 0),
(138, 13, 2, 1, 0),
(138, 13, 2, 2, 0),
(139, 10, 2, 1, 1),
(139, 10, 2, 2, 0),
(139, 11, 2, 1, 0),
(139, 11, 2, 2, 0),
(139, 13, 2, 1, 0),
(139, 13, 2, 2, 0),
(140, 10, 2, 1, 1),
(140, 10, 2, 2, 0),
(140, 11, 2, 1, 0),
(140, 11, 2, 2, 0),
(140, 13, 2, 1, 0),
(140, 13, 2, 2, 0),
(141, 10, 2, 1, 1),
(141, 10, 2, 2, 0),
(141, 11, 2, 1, 0),
(141, 11, 2, 2, 0),
(141, 13, 2, 1, 0),
(141, 13, 2, 2, 0),
(142, 10, 2, 1, 1),
(142, 10, 2, 2, 0),
(142, 11, 2, 1, 0),
(142, 11, 2, 2, 0),
(142, 13, 2, 1, 0),
(142, 13, 2, 2, 0),
(143, 10, 2, 1, 1),
(143, 10, 2, 2, 0),
(143, 11, 2, 1, 0),
(143, 11, 2, 2, 0),
(143, 13, 2, 1, 0),
(143, 13, 2, 2, 0),
(144, 10, 2, 1, 1),
(144, 10, 2, 2, 0),
(144, 11, 2, 1, 0),
(144, 11, 2, 2, 0),
(144, 13, 2, 1, 0),
(144, 13, 2, 2, 0),
(145, 10, 2, 1, 1),
(145, 10, 2, 2, 0),
(145, 11, 2, 1, 0),
(145, 11, 2, 2, 0),
(145, 13, 2, 1, 0),
(145, 13, 2, 2, 0),
(146, 10, 2, 1, 1),
(146, 10, 2, 2, 0),
(146, 11, 2, 1, 0),
(146, 11, 2, 2, 0),
(146, 13, 2, 1, 0),
(146, 13, 2, 2, 0),
(147, 10, 2, 1, 1),
(147, 10, 2, 2, 0),
(147, 11, 2, 1, 0),
(147, 11, 2, 2, 0),
(147, 13, 2, 1, 0),
(147, 13, 2, 2, 0),
(148, 10, 2, 1, 1),
(148, 10, 2, 2, 0),
(148, 11, 2, 1, 0),
(148, 11, 2, 2, 0),
(148, 13, 2, 1, 0),
(148, 13, 2, 2, 0),
(149, 10, 2, 1, 1),
(149, 10, 2, 2, 0),
(149, 11, 2, 1, 0),
(149, 11, 2, 2, 0),
(149, 13, 2, 1, 0),
(149, 13, 2, 2, 0),
(150, 10, 2, 1, 1),
(150, 10, 2, 2, 0),
(150, 11, 2, 1, 0),
(150, 11, 2, 2, 0),
(150, 13, 2, 1, 0),
(150, 13, 2, 2, 0),
(151, 10, 2, 1, 1),
(151, 10, 2, 2, 0),
(151, 11, 2, 1, 0),
(151, 11, 2, 2, 0),
(151, 13, 2, 1, 0),
(151, 13, 2, 2, 0),
(152, 10, 2, 1, 1),
(152, 10, 2, 2, 0),
(152, 11, 2, 1, 0),
(152, 11, 2, 2, 0),
(152, 13, 2, 1, 0),
(152, 13, 2, 2, 0),
(153, 10, 2, 1, 1),
(153, 10, 2, 2, 0),
(153, 11, 2, 1, 0),
(153, 11, 2, 2, 0),
(153, 13, 2, 1, 0),
(153, 13, 2, 2, 0),
(154, 10, 2, 1, 2),
(154, 10, 2, 2, 0),
(154, 11, 2, 1, 0),
(154, 11, 2, 2, 0),
(154, 13, 2, 1, 0),
(154, 13, 2, 2, 0),
(155, 10, 2, 1, 1),
(155, 10, 2, 2, 0),
(155, 11, 2, 1, 0),
(155, 11, 2, 2, 0),
(155, 13, 2, 1, 0),
(155, 13, 2, 2, 0),
(156, 10, 2, 1, 6),
(156, 10, 2, 2, 0),
(156, 11, 2, 1, 0),
(156, 11, 2, 2, 0),
(156, 13, 2, 1, 0),
(156, 13, 2, 2, 0),
(157, 10, 2, 1, 4),
(157, 10, 2, 2, 0),
(157, 11, 2, 1, 0),
(157, 11, 2, 2, 0),
(157, 13, 2, 1, 0),
(157, 13, 2, 2, 0),
(158, 10, 2, 1, 3),
(158, 10, 2, 2, 0),
(158, 11, 2, 1, 6),
(158, 11, 2, 2, 31),
(158, 13, 2, 1, 4),
(158, 13, 2, 2, 45);

--
-- Indexes for dumped tables
--

--
-- Indexes for table `tb_cargo`
--
ALTER TABLE `tb_cargo`
  ADD PRIMARY KEY (`cod_cargo`),
  ADD KEY `fk_cargo_tipo` (`cod_tipo`);

--
-- Indexes for table `tb_escola`
--
ALTER TABLE `tb_escola`
  ADD PRIMARY KEY (`cod_escola`),
  ADD KEY `fk_escola_tipo` (`cod_tipo`);

--
-- Indexes for table `tb_inscricao`
--
ALTER TABLE `tb_inscricao`
  ADD PRIMARY KEY (`cod_inscricao`),
  ADD KEY `fk_inscricao_usuario` (`cod_usuario`);

--
-- Indexes for table `tb_notificacao`
--
ALTER TABLE `tb_notificacao`
  ADD PRIMARY KEY (`cod_notificacao`),
  ADD KEY `fk_notificacao_usuario` (`cod_usuario`);

--
-- Indexes for table `tb_recurso`
--
ALTER TABLE `tb_recurso`
  ADD PRIMARY KEY (`cod_recurso`),
  ADD KEY `fk_recurso_tipo_recurso` (`cod_tipo_recurso`),
  ADD KEY `fk_recurso_status` (`cod_status`),
  ADD KEY `fk_recurso_usuario` (`cod_usuario`);

--
-- Indexes for table `tb_status`
--
ALTER TABLE `tb_status`
  ADD PRIMARY KEY (`cod_status`);

--
-- Indexes for table `tb_tipo`
--
ALTER TABLE `tb_tipo`
  ADD PRIMARY KEY (`cod_tipo`);

--
-- Indexes for table `tb_tipo_recurso`
--
ALTER TABLE `tb_tipo_recurso`
  ADD PRIMARY KEY (`cod_tipo_recurso`);

--
-- Indexes for table `tb_tipo_vaga`
--
ALTER TABLE `tb_tipo_vaga`
  ADD PRIMARY KEY (`cod_tipo_vaga`);

--
-- Indexes for table `tb_usuario`
--
ALTER TABLE `tb_usuario`
  ADD PRIMARY KEY (`cod_usuario`),
  ADD KEY `fk_usuario_cargo` (`cod_cargo`),
  ADD KEY `fk_usuario_escola` (`cod_escola`),
  ADD KEY `fk_status` (`cod_status`);

--
-- Indexes for table `tb_usuario_externo`
--
ALTER TABLE `tb_usuario_externo`
  ADD PRIMARY KEY (`codigo`);

--
-- Indexes for table `tb_vagas`
--
ALTER TABLE `tb_vagas`
  ADD PRIMARY KEY (`cod_escola`,`cod_cargo`,`cod_tipo`,`cod_tipo_vaga`),
  ADD KEY `fk_vagas_cargo` (`cod_cargo`),
  ADD KEY `fk_vagas_tipo_vaga` (`cod_tipo_vaga`),
  ADD KEY `fk_vagas_tipo` (`cod_tipo`);

--
-- AUTO_INCREMENT for dumped tables
--

--
-- AUTO_INCREMENT for table `tb_cargo`
--
ALTER TABLE `tb_cargo`
  MODIFY `cod_cargo` int(3) NOT NULL AUTO_INCREMENT, AUTO_INCREMENT=16;
--
-- AUTO_INCREMENT for table `tb_escola`
--
ALTER TABLE `tb_escola`
  MODIFY `cod_escola` int(3) NOT NULL AUTO_INCREMENT, AUTO_INCREMENT=160;
--
-- AUTO_INCREMENT for table `tb_inscricao`
--
ALTER TABLE `tb_inscricao`
  MODIFY `cod_inscricao` int(4) NOT NULL AUTO_INCREMENT, AUTO_INCREMENT=7;
--
-- AUTO_INCREMENT for table `tb_notificacao`
--
ALTER TABLE `tb_notificacao`
  MODIFY `cod_notificacao` int(4) NOT NULL AUTO_INCREMENT, AUTO_INCREMENT=7;
--
-- AUTO_INCREMENT for table `tb_recurso`
--
ALTER TABLE `tb_recurso`
  MODIFY `cod_recurso` int(3) NOT NULL AUTO_INCREMENT, AUTO_INCREMENT=5;
--
-- AUTO_INCREMENT for table `tb_status`
--
ALTER TABLE `tb_status`
  MODIFY `cod_status` int(4) NOT NULL AUTO_INCREMENT, AUTO_INCREMENT=6;
--
-- AUTO_INCREMENT for table `tb_tipo`
--
ALTER TABLE `tb_tipo`
  MODIFY `cod_tipo` int(3) NOT NULL AUTO_INCREMENT, AUTO_INCREMENT=4;
--
-- AUTO_INCREMENT for table `tb_tipo_recurso`
--
ALTER TABLE `tb_tipo_recurso`
  MODIFY `cod_tipo_recurso` int(3) NOT NULL AUTO_INCREMENT, AUTO_INCREMENT=3;
--
-- Constraints for dumped tables
--

--
-- Limitadores para a tabela `tb_cargo`
--
ALTER TABLE `tb_cargo`
  ADD CONSTRAINT `fk_tipo` FOREIGN KEY (`cod_tipo`) REFERENCES `tb_tipo` (`cod_tipo`);

--
-- Limitadores para a tabela `tb_escola`
--
ALTER TABLE `tb_escola`
  ADD CONSTRAINT `fk_escola_tipo` FOREIGN KEY (`cod_tipo`) REFERENCES `tb_tipo` (`cod_tipo`);

--
-- Limitadores para a tabela `tb_inscricao`
--
ALTER TABLE `tb_inscricao`
  ADD CONSTRAINT `fk_inscricao_usuario` FOREIGN KEY (`cod_usuario`) REFERENCES `tb_usuario` (`cod_usuario`);

--
-- Limitadores para a tabela `tb_notificacao`
--
ALTER TABLE `tb_notificacao`
  ADD CONSTRAINT `fk_notificacao_usuario` FOREIGN KEY (`cod_usuario`) REFERENCES `tb_usuario` (`cod_usuario`);

--
-- Limitadores para a tabela `tb_recurso`
--
ALTER TABLE `tb_recurso`
  ADD CONSTRAINT `fk_recurso_status` FOREIGN KEY (`cod_status`) REFERENCES `tb_status` (`cod_status`),
  ADD CONSTRAINT `fk_recurso_tipo_recurso` FOREIGN KEY (`cod_tipo_recurso`) REFERENCES `tb_tipo_recurso` (`cod_tipo_recurso`),
  ADD CONSTRAINT `fk_recurso_usuario` FOREIGN KEY (`cod_usuario`) REFERENCES `tb_usuario` (`cod_usuario`);

--
-- Limitadores para a tabela `tb_usuario`
--
ALTER TABLE `tb_usuario`
  ADD CONSTRAINT `fk_cargo` FOREIGN KEY (`cod_cargo`) REFERENCES `tb_cargo` (`cod_cargo`),
  ADD CONSTRAINT `fk_status` FOREIGN KEY (`cod_status`) REFERENCES `tb_status` (`cod_status`),
  ADD CONSTRAINT `fk_usuario_escola` FOREIGN KEY (`cod_escola`) REFERENCES `tb_escola` (`cod_escola`);

--
-- Limitadores para a tabela `tb_vagas`
--
ALTER TABLE `tb_vagas`
  ADD CONSTRAINT `fk_vagas_cargo` FOREIGN KEY (`cod_cargo`) REFERENCES `tb_cargo` (`cod_cargo`),
  ADD CONSTRAINT `fk_vagas_escola` FOREIGN KEY (`cod_escola`) REFERENCES `tb_escola` (`cod_escola`),
  ADD CONSTRAINT `fk_vagas_tipo` FOREIGN KEY (`cod_tipo`) REFERENCES `tb_tipo` (`cod_tipo`),
  ADD CONSTRAINT `fk_vagas_tipo_vaga` FOREIGN KEY (`cod_tipo_vaga`) REFERENCES `tb_tipo_vaga` (`cod_tipo_vaga`);
COMMIT;

/*!40101 SET CHARACTER_SET_CLIENT=@OLD_CHARACTER_SET_CLIENT */;
/*!40101 SET CHARACTER_SET_RESULTS=@OLD_CHARACTER_SET_RESULTS */;
/*!40101 SET COLLATION_CONNECTION=@OLD_COLLATION_CONNECTION */;
